Smiles,endpoint
CC(C1(OC2(C)CC1)CC2)C,0
CC1(OC(C)(C)C2CC1)CC2,0
O=C1NC(c2cc(O)ccc2)(c3ccccc3)C(=O)N1,0
O=C1NC(c2ccc(O)cc2)(c3ccccc3)C(=O)N1,0
O=C1Oc(c2C(C(F)(F)F)=C1)cc(OCc3c(C(F)(F)F)ccc(C(F)(F)F)c3)cc2,0
CCC1C(O)(C)C(O)C(C)C(=O)C(C)CC(OC)(C)C(OC2C(O)C(N(C)C)CC(C)O2)C(C)C(OC3OC(C)C(O)C(OC)(C)C3)C(C)C(=O)O1,0
CC1(C2C(C3C(C(C(CO)=O)(O)CC3)(C)CC2O)CC4)C4=CC(=O)CC1,0
CCOC(C(C(c1c(Cl)c(Cl)ccc1)C(C(OC)=O)=C(C)N2)=C2C)=O,0
CCN(CC)C=O,0
CC(NC(C(O)=O)CSC(C(C(F)F)OCF)(F)F)=O,0
CC(NC(C(O)=O)CSC(=C(C(F)F)OCF)F)=O,0
NC(C(O)=O)CSC(=C(C(=C(Cl)Cl)Cl)Cl)Cl,0
Cc1c(OCC(NC(C(CC(NC(C(N2C(=O)NCCC2)C(C)C)=O)Cc3ccccc3)O)Cc4ccccc4)=O)c(C)ccc1,0
CCC(N(C1(CCN(CCN2C(=O)N(CC)N=N2)CC1)COC)c3ccccc3)=O,0
CC(C1(C(=O)N(C2(O)O1)CC(=O)N(C23)CCC3)NC(C4CN(C)C(C5C4)Cc(c(c6ccc7)c57)c[nH]6)=O)C,0
CC1C(C2(C(C)C)CC1=O)C2,0
CC1(C(=O)CC2)C2C3C(C(C)(C(=C4)CC3)CCC4=O)CC1,0
O=C1Nc(c2CC1)cc(OCCCCN3CCN(c4c(Cl)c(Cl)ccc4)CC3)cc2,0
CC1C(C(OOC2(C)O3)(C4CC1)C3OC(OCc5ccc(C(O)=O)cc5)C4C)CC2,0
CC(CC1N(C2(O)C(N3C1=O)CCC3)C(=O)C(C(C)C)(NC(C4CN(C)C(C5=C4)Cc(c(c6ccc7)c57)c(Br)[nH]6)=O)O2)C,0
CCCC1OC(C(CO)=O)(C2O1)C(C)(C3C2)CC(O)C(C34)C(C)(C(=C5)CC4)C=CC5=O,0
CCCC1CN(C)C(C(NC(C2C(O)C(O)C(O)C(SC)O2)C(Cl)C)=O)C1,0
COC(C1C(N(C)C2CC1OC(c3ccccc3)=O)CC2)=O,0
COc1c(OC)c(OC)c2c(CCC(NC(=O)C)C(C2=C3)=CC(=O)C(OC)=C3)c1,0
O=C(c1c(c2cc3c(C(O)C(Cc4ccccc4)CO3)cc2)cc(C(F)(F)F)cc1)O,0
COc1c(CC2C(O)c(c3OC2)cc(OCc4sc(c5n4)cc(F)c(F)c5)cc3)cc(NS(C(F)(F)F)(=O)=O)cc1,0
CCN(S(NC1CN(C)C(C2C1)Cc3c(c24)c(n(CC)c3)ccc4)(=O)=O)CC,0
CC=CCC(C(C1N(C)C(=O)C(C(C)C)N(C)C(=O)C(CC(C)C)N(C)C(=O)C(CC(C)C)N(C)C(=O)C(C)NC(=O)C(C)NC(=O)C(CC(C)C)N(C)C(=O)C(C(C)C)NC(=O)C(CC(C)C)N(C)C(=O)CN(C)C(=O)C(CC)NC1=O)O)C,0
CC(C1C(C)(C2CC1)C(O)CC(C23)C(C)(C4CC3)CCC(O)C4)CCC(O)=O,0
CN(CCOC1(C(C(C)(C)C2C1)(C)CC2)c3ccccc3)C,0
CCC(OC(C(CN(C)C)C)(c1ccccc1)Cc2ccccc2)=O,0
CC1(C(=O)CC2)C2C3C(C(C)(C4=CC3)CCC(O)C4)CC1,0
CC(N(C(C)C)CCC(c1ncccc1)(c2ccccc2)C(=O)N)C,0
CC(OC1(C(C2(C)C(O)C3)C(OC(c4ccccc4)=O)C(C(C)(C)C(=C5C)C(O)C2=O)(O)CC5OC(C(C(c6ccccc6)NC(OC(C)(C)C)=O)O)=O)C3OC1)=O,0
CNC(Cc1cc(c2cc1)n(C3CCN(CCc4c(F)cccc4)CC3)cc2)=O,0
CC(c1ccc(C(CCN2CCC(OC(c3ccccc3)c4ccccc4)CC2)=O)cc1)(C)C,0
COC(C1C(C2(C3O2)C(C)(C(=C4)C1)CCC4=O)C5C(C6(OC(=O)CC6)CC5)(C)C3)=O,0
CCC1C(O)(C)C(O)C(C)CC(C)CC(O)(C)C(OC2C(O)C(N(C)C)CC(C)O2)C(C)C(OC3OC(C)C(O)C(OC)(C)C3)C(C)CO1,0
Clc1cc2c(n(c3CN=C2c4ccccc4)cnn3)cc1,0
CCS(c1c(N)n(c2c(Cl)cc(C(F)(F)F)cc2Cl)nc1C#N)=O,0
Cc1ncc(c2c(c3ccc(S(=O)(=O)C)cc3)cc(Cl)cn2)cc1,0
COC1C(C)=CC=CC=CC(C)CC(C)C(=O)C(OC)C(O)C(C)=CC(C)C(=O)CC(C(CC2CC(OC)C(OCCO)CC2)C)OC(=O)C(N3C(=O)C(=O)C(OC4C1)(O)C(C)CC4)CCCC3,0
CCC(N(C1CCN(CCc2ccccc2)CC1)c3ccccc3)=O,0
CC(NC(C1C(C)(C2CC1)CCC(C23)C(C)(C4CC3)C=CC(=O)N4)=O)(C)C,0
CN1c(c2C(=O)C(S(=O)C)=C1)cc(F)cc2,0
Cc1c(C(NC2C3N(C(C(O)=O)C(C)(C)S3)C2=O)=O)c(c4c(Cl)cccc4F)no1,0
CN(C1CCC2)C2CC(NC(c3c(c4n(C)n3)cccc4)=O)C1,0
Cc1c(Nc2nc(c3cnccc3)ccn2)cc(NC(c4ccc(CN5CCN(C)CC5)cc4)=O)cc1,0
CC(NC(C1N(CC(CC(C(NC2C(O)Cc(c23)cccc3)=O)Cc4ccccc4)O)CCN(Cc5cnccc5)C1)=O)(C)C,0
CCc1c(c2nc3c1CN(C3=C4)C(=O)C5=C4C(CC)(O)C(=O)OC5)cc(OC(N6CCC(N7CCCCC7)CC6)=O)cc2,0
c1cc(c2cc1)ccnc2,0
CCC(N1C(=O)N(c2ccc(N3CCN(c4ccc(OCC5OC(c6c(Cl)cc(Cl)cc6)(Cn7ncnc7)OC5)cc4)CC3)cc2)C=N1)C,0
CN1CCN(C(NC(C(NC(CCc2ccccc2)C=CS(c3ccccc3)(=O)=O)=O)Cc4ccccc4)=O)CC1,0
N#Cc1c(c2ccc1)cc(C(NC(N)=N)=O)s2,0
CCN(c1ccccc1)C(C(C(=O)N(C)c(c23)cccc2Cl)=C3O)=O,0
CN(c1ccc(C2C(C3C4C(C(C=CCO)(O)CC4)(C)C2)=C(C(=C5)CC3)CCC5=O)cc1)C,0
CN(CC1OCCn2cc(c(c23)cccc3)C4=C(C(=O)NC4=O)c5cn(c(c56)cccc6)CC1)C,0
Cc1c(N2C(=O)c(c3N=C2C)cccc3)cccc1,0
CC1N(C2(c3c(Cl)cccc3)OC1)CC(=O)Nc(c24)ccc(Cl)c4,0
CC#CC1(C(C)(C2CC1)CC(c3ccc(N(C)C)cc3)C(C24)=C(C(=C5)CC4)CCC5=O)O,0
C=CCc1cc2c(OCO2)c(OC)c1,0
c1cc(c2cc1)cccc2,0
CCC(N(CCOc1ccccc1)C(=O)N2CCCN3CCN(c4cc(Cl)ccc4)CC3)=N2,0
COC(C(C(c1c([N+]([O-])=O)cccc1)C(C(OC)=O)=C(C)N2)=C2C)=O,0
CCN(CC#CC(OC(C(C1CCCCC1)(c2ccccc2)O)=O)(C)C)CC,0
CN(CCC=C1c(c2OCc(c13)cccc3)cc(CC(O)=O)cc2)C,0
CN(c1ccc(C2C(C3C4C(C(CCCO)(O)CC4)(C)C2)=C(C(=C5)CC3)CCC5=O)cc1)C,0
C#CC1(C(C)(C2C=C1)CC(=C)C(C23)C(C(=C4)CC3)CCC4=O)O,0
Clc1c(Cl)c(Cl)c(Cl)c(Cl)c1,0
c1ccc(C2(CCCCC2)N3CCCCC3)cc1,0
CC(C(C)(C)C)NC(Nc1ccncc1)=NC#N,0
Nc1c2c(n(CCOCP3(OC(c4cc(Cl)ccc4)CCO3)=O)cn2)ncn1,0
CCN(CCCC(Nc1c(c2nc(c13)cc(Cl)cc3)cc(OC)cc2)C)CC,0
O=C(c1ccc(Cl)cc1)NC(C(O)=O)CC(c(c2NC3=O)cccc2)=C3,0
CCOc1c(OC(C2OCCNC2)c3ccccc3)cccc1,0
OC(c1ccc(F)cc1)CCCN2CCC(c3ccc(Cl)cc3)(O)CC2,0
COC1C(C)C(OC(=O)C)C(C)C(O)C(C)C(O)C(C)C=CC=C(C)C(=O)CC(C(=O)c(c2c(C(=O)C3(C)OC=C1)c4O3)c(O)c4C)=C(C2=N5)NC56CCN(CC(C)C)CC6,0
COC1C(C)C(OC(=O)C)C(C)C(O)C(C)C(O)C(C)C=CC=C(C)C(=O)NC(=C2C(c(c(C(=O)C3(C)OC=C1)c4O3)c5c(O)c4C)=Nc(c6O2)c(O)cc(N7CCN(CC(C)C)CC7)c6)C5=O,0
CN(c1ccccc1)C(C(C(=O)N(C)c(c23)cccc2)=C3O)=O,0
C=C(C1Oc2c(c3c(C(=O)C(C4O3)c(c5OC4)cc(OC)c(OC)c5)cc2)C1)C,0
CCCC1OC(SC)(C2O1)C(C)(C3C2)CC(O)C(F)(C34)C(C)(C(=C5)C(F)C4)CCC5=O,0
OCc1c(O)ccc(C(CNCCCCCCOCCCCc2ccccc2)O)c1,0
CC(NC(C1N(CC(C(NC(C(NC(c2nc(c3cc2)cccc3)=O)CC(=O)N)=O)Cc4ccccc4)O)CC(C5C1)CCCC5)=O)(C)C,0
CC=CCC(C(C1N(C)C(=O)C(C(C)C)N(C)C(=O)C(CC(C)C)N(C)C(=O)C(CC(C)C)N(C)C(=O)C(COCCO)NC(=O)C(C)NC(=O)C(CC(C)C)N(C)C(=O)C(C(C)C)NC(=O)C(CC(C)C)N(C)C(=O)CN(C)C(=O)C(CC)NC1=O)O)C,0
CCC(C(OC1C(C2=CC(C)C1)C(CCC3OC(=O)CC(O)C3)C(C)C=C2)=O)(C)C,0
COC1C(C)=CC=CC=CC(C)CC(C)C(=O)C(OC)C(O)C(C)=CC(C)C(=O)CC(C(CC2CC(OC)C(O)CC2)C)OC(=O)C(N3C(=O)C(=O)C(OC4C1)(O)C(C)CC4)CCCC3,0
O=C1N(c2ccccc2)N(c3ccccc3)C(=O)C1CCS(c4ccccc4)=O,0
CC(c1c(O)c(C(C)(C)C)cc(CC2C(=O)NCS2)c1)(C)C,0
CC(CC1C(=O)N(C)C(=Cc2ccccc2)C(=O)NCC(=O)N(C)C(C)C(=O)N1)C,0
COc1c2c(OCO2)cc(C(OC(=O)C3=C4OC5(C)C(C(C)(C6(O)CC5)C(=O)C=CC6(C)C)(O)C3)=C4)c1,0
CC=Cc1ccccc1,0
O=C1N(C2=NN1CCCN3CCN(c4cc(Cl)ccc4)CC3)C=CC=C2,0
CCCOc1c(C(NC(=O)c(c23)nn(Cc4ncccc4)c2CC)=N3)cc(S(N5CCN(CC)CC5)(=O)=O)cc1,0
CC=CCC(C(C1N(C)C(=O)C(C(C)C)N(C)C(=O)C(CC(C)C)N(C)C(=O)C(CC(C)C)N(C)C(=O)C(C)NC(=O)C(C)NC(=O)C(CC(C)C)N(C)C(=O)C(C(C)C)NC(=O)C(CC(C)C)N(C)C(=O)CN(C)C(=O)C(C(C)C)NC1=O)=O)C,0
C=C1C(=CC=C2C3C(C(C(C=CC(C(C)C)C)C)CC3)(C)CCC2)CC(O)CC1,0
COc1c(Cc2c(c3n(C)c2)cc(NC(OC4CCCC4)=O)cc3)ccc(C(NS(c5c(C)cccc5)(=O)=O)=O)c1,0
CN(C1CC2)C2CC(NC(c3c4c(CC(C)(C)O4)cc(Cl)c3)=O)C1,0
O=C1Nc(c2C1)cc(Cl)c(CCN3CCN(c4c(c5sn4)cccc5)CC3)c2,0
CCCCOc1cc(c2cc1)OC(=O)C=C2,0
CCCCCCOc1cc(c2cc1)OC(=O)C=C2,0
CN(N=O)CCC(C(c1cnccc1)=O)O,0
CC(c1cc(C(F)(F)F)cc(C(F)(F)F)c1)OC2C(c3ccc(F)cc3)NCCO2,0
COC(OC1(C(C2(C)C(O)C3)C(OC(c4ccccc4)=O)C(C(C)(C)C(=C5C)C(OC(=O)C)C2=O)(O)CC5OC(C(C(C(C)(C)C)NC(OC(C)(C)C)=O)O)=O)C3OC1)=O,0
CC(C1C(C)(C2CC1)C(O)CC(C23)C(C)(C4CC3O)CCC(O)C4)CCC(O)=O,0
CC(N(c1cc(c2n(c3ncc2)ncc3C(c4sccc4)=O)ccc1)C)=O,0
OCCOCCN1CCN(C(c(c2Sc(c34)cccc3)cccc2)=N4)CC1,0
CC1C(C(CN2CCN(c3nc(N4CCCC4)nc(N5CCCC5)c3)CC2)=O)C(C)(C6C1)CC=C(C67)C(C)(C(=C8)CC7)C=CC8=O,0
CCn1c(COc2c(C(C)(C)C)cc(n3n2)nnc3c4c(F)cccc4)ncn1,0
CC=O,0
C=CC#N,0
Nc1ccccc1,0
c1ccccc1,0
CN(C=O)C,0
FC(OC(C(Cl)F)(F)F)F,0
CCC1(C(=O)NC(=O)C1)C,0
c1cocc1,0
CCCCCCCCCCCCCC(O)=O,0
Cc1c(C)cccc1,0
CCCCCCCCC=CCCCCCCCC(O)=O,0
Cc1ccc(C)cc1,0
CCCCCCCCCCCCCCCCCC(O)=O,0
CC(Cl)(Cl)Cl,0
c1cnc(N2CCNCC2)nc1,0
COc1c(CC(N)C)cccc1,0
COc1ccc(CC(N)C)cc1,0
COc1cc(c2cc1)c(CCN(C)C)c[nH]2,0
COc1cc(c2cc1)c(CCN)c[nH]2,0
COc1ccc(N2CCNCC2)cc1,0
COC1(c(c(c2n(C)c3)c3C4)ccc2)C4N(C)CC(CO)C1,0
CNC(Cc1ccc(OC)cc1)C,0
COc1ccc(CCN2CCC(Nc3n(Cc4ccc(F)cc4)c(c5n3)cccc5)CC2)cc1,0
COc1cc(c2c(Br)c1)cc(C3CCNCC3)o2,0
COc1ncc(C(N2C(=O)N(CCCc3nc4c(CCCN4)cc3)CC2)CC(O)=O)cc1,0
N=C(N1Cc(c2CC1)cccc2)N,0
CC(Nc1c(N2CCN(C(c3[nH]c(c4c3)ccc(NS(=O)(=O)C)c4)=O)CC2)nccc1)C,0
COc1c2c(C(C3O2)(C(C45)CCC3O)CCN4C)c(C5)cc1,0
COc1c(CNC2C(C(c3ccccc3)c4ccccc4)N(CCC25)CC5)cc(C(C)C)cc1,0
OCCN1CCN(CCCN2c(c3Sc(c24)cccc4)cc(C(F)(F)F)cc3)CC1,0
Fc1ccc(C(c2ccc(F)cc2)OCCN3CCN(CCCc4ccccc4)CC3)cc1,0
COc1c(OCCCN2CCOCC2)cc(c3c1)c(Nc4cc(Cl)c(F)cc4)ncn3,0
COc1c2c(C(C(C34)CCC5=O)(C5O2)CCN3C)c(C4)cc1,0
c1cc2c(N(CC3(CCN4CC3)CC4)c(c5S2)cccc5)cc1,0
Clc1cc(N2CCNCC2)ccc1,0
CNC(Cc1ccccc1)C,0
CN1CCC(c2ccccc2)=CC1,0
N=C(NC(NCCc1ccccc1)=N)N,0
COc1cc(c2cc1)c3c(CNCC3)[nH]2,0
COc1cc(C(NCCCc2c(Cl)cccc2)C)ccc1,0
CC1=C(CCN2CCC(c3c(c4on3)ccc(F)c4)CC2)C(=O)N5C(CCCC5)=N1,0
C1CC(N2CC1)C3CC(C(N4C3)CCCC4)C2,0
NS(c1ccc(C(C2(CCCC2)OC3=O)=C3c4ccc(F)cc4)cc1)(=O)=O,0
CCOc1c(OCCNC(Cc2cc(S(=O)(=O)N)c(OC)cc2)C)cccc1,0
CC(NCC(COc1c(N2CCOCC2)nsn1)O)(C)C,0
CN(C1CC2)C2CC(OC(c3c(c4[nH]c3)cccc4)=O)C1,0
NCCc1ccc(O)cc1,0
COC(C1C(C2CCC1O)CC(N3C2)c4c(c(c5[nH]4)cccc5)CC3)=O,0
CC1=C(CCN2CCC(c3c(c4on3)ccc(F)c4)CC2)C(=O)N5C(C(O)CCC5)=N1,0
COc1c(CNC2C(c3ccccc3)NCCC2)cc(OC(F)(F)F)cc1,0
CC(Cc1cc2c(OCO2)cc1)N,0
OCCCOc1cc(CN2CCCCC2)ccc1,0
CNCCCC1(c(c2CO1)ccc(C#N)c2)c3ccc(F)cc3,0
CNCCCN1c(c2CCc(c13)cccc3)cccc2,0
CCOc1c2c(C(C3O2)(C(C45)C=CC3O)CCN4C)c(C5)cc1,0
COC(C(C(c1cc([N+]([O-])=O)ccc1)C(C(OCC=Cc2ccccc2)=O)=C(C)N3)=C3C)=O,0
CC(C1CCC(C(C(=O)c(c2C3=O)cccc2)=C3O)CC1)(C)C,0
Cc1c(C(N2c(c3C(=NOS(O)(=O)=O)CC2)cc(Cl)cc3)=O)cccc1,0
Cc1c(c2ccc(C(C(O)=O)C)cc2)scc1,0
O=C(COC(Cc1c(Nc2c(Cl)cccc2Cl)cccc1)=O)O,0
CC(c1cc(F)c(c2ccccc2)cc1)C(O)=O,0
CN1C2C(C(C3O4)(c(c4c(O)cc5)c5C2)CC1)CCC3=O,0
CCC(C1(CCN(C)CC1)c2cc(O)ccc2)=O,0
CN1S(=O)(=O)c(c2C(O)=C1C(Nc3ncccc3)=O)cc(Cl)s2,0
Cc1sc(NC(C(N(C)S(=O)(=O)c(c23)cccc2)=C3O)=O)nc1,0
CN1S(=O)(=O)c(c2C(O)=C1C(Nc3ncccc3)=O)cccc2,0
O=C(CCCC=CCC1C(NS(c2ccccc2)(=O)=O)C(CC13)CC3)O,0
Cc1onc(NS(c2ccc(N)cc2)(=O)=O)c1,0
COc1c(c2ccc(CC(C(O)=O)NC(c3c(Cl)cccc3Cl)=O)cc2)c(OC)ccc1,0
CCCCC(N(C(C(C)C)C(O)=O)Cc1ccc(c2c(c3[nH]nnn3)cccc2)cc1)=O,0
O=C1C=C(C(=N2)C=C1)Oc(c23)cc(OCOCc4ccccc4)cc3,0
O=C1N(CC(F)(F)F)c(c2C(c3c(F)cccc3)=NC1)ccc(Cl)c2,0
O=C(CC=CCC1C(NS(c2ccccc2)(=O)=O)C(CC13)CC3)O,0
CN(CCCCCN1c(c2Sc(c13)cccc3)cc(C(F)(F)F)cc2)C,0
CCCCC(N(Cc1ccc(c2c(c3n[nH]nn3)cccc2)cc1)C(=O)C45CCCC4)=N5,0
CC1SCC2(C(CCN3C2)CC3)O1,0
CN1S(=O)(=O)c(c2C(=O)C1=C(Nc3ncccc3)O)ccs2,0
O=C(CCC1C(NS(c2ccccc2)(=O)=O)C(CC13)CC3)O,0
COCC(N1C(C)CN(C2(CCN(C(c3c(C)ncnc3C)=O)CC2)C)CC1)c4ccc(C(F)(F)F)cc4,0
Cc1c(Oc2ncc(Br)cn2)ccc(NC(NC(c3c(N(C)C)cccc3)=O)=O)c1,0
CC(OC1C(C(C)(C)C2(O)C(OC(c3ccccc3)=O)C(C4(C)C1=O)C(OC(=O)C)(C5CC4O)CO5)=C(C)C(OC(C(C(c6ccccc6)NC(c7ccccc7)=O)O)=O)C2)=O,0
COCc1c(c2ccc(F)cc2)c(C=CC(CC(CC(O)=O)O)O)c(C(C)C)nc1C(C)C,0
CCN(CCCC(Nc1c(c2ncc1)ccc(Cl)c2)C)CC,0
COc1ccc(C2C(OC(=O)C)C(=O)N(CCN(C)C)c(c3S2)cccc3)cc1,0
CC(n1c(c2c(c3ccc(F)cc3)c1C=CC(CC(CC(O)=O)O)O)cccc2)C,0
CCCCN(CCC(c1c(c2c(c3c1)cc(Cl)cc3Cl)ccc(C(F)(F)F)c2)O)CCCC,0
CC1(Cn(c2C1)c(CC(OCC3C(O)C(O)C(O)C(O)O3)=O)c(c4ccc(Cl)cc4)c2c5ccccc5)C,0
Cc1[nH]nc(Nc2nc(Sc3ccc(NC(C4CC4)=O)cc3)nc(N5CCN(C)CC5)c2)c1,0
CCOP(OCC)(Cc1ccc(C(Nc2c(C#N)cc(Br)cc2)=O)cc1)=O,0
COc1c(OC)cc(CCNCCCC(C(C)C)(c2cc(OC)c(OC)cc2)C#N)cc1,0
O=C(COc1c(Cl)c(Cl)c(C(c2sccc2)=O)cc1)O,0
Cc1cc(Nc2c(S(NC(NC(C)C)=O)(=O)=O)cncc2)ccc1,0
CCCCCc1cc2c(C(C3C(C)(C)O2)CC(C=O)=CC3)c(O)c1,0
COCCC(C(N1C2)C3(C(OC)=O)c4c(c(c5[nH]4)cccc5)CC1)CC2C3,0
COc1cc2c(n(C(c3ccc(Cl)cc3)=O)c(C)c2CC(NCC(c4ccccc4)O)=O)cc1,0
CCC(Cc1cc2c(OCO2)cc1)N,0
CC(N1CCCC1)C(c2cc3c(OCO3)cc2)=O,0
COCCc1ccc(OCC(CNC(C)C)O)cc1,0
COC(C(C(c1cc([N+]([O-])=O)ccc1)C(C(O)=O)=C(C)N2)=C2C)=O,0
COc1ccc(C(C(N2CCCC2)C)=O)cc1,0
CCNc1c(c2n(Cc3cc(OC4CCCC4)c(OC)cc3)cn1)nc(C(C)C)n2,0
CN(Cc1n2c(CN=C(c3ccccc3)c(c24)cc(Cl)cc4)nn1)C,0
CCN(Cc1c(O)ccc(Nc2c(c3ncc2)ccc(Cl)c3)c1)CC,0
CCCCN1C(C(Nc2c(C)cccc2C)=O)CCCC1,0
CN(CCCC1(c(c2CO1)ccc(C#N)c2)c3ccc(F)cc3)C,0
Cc1ccc(S(Nc2n(c3ccccc3)ncc2)(=O)=O)cc1,0
Nc1ccc(S(c2ccc(N)cc2)(=O)=O)cc1,0
COc1c(OC)c(OC)cc(C2C(C3Cc(c24)cc5c(OCO5)c4)C(=O)OC3)c1,0
O=C(c1c(C(c(c2O3)ccc(OCc4ccccc4)c2)=C5C3=CC(=O)C=C5)cccc1)OCc6ccccc6,0
N#Cc1c(S(C(F)(F)F)=O)c(N)n(c2c(Cl)cc(C(F)(F)F)cc2Cl)n1,0
CC1C(C(SCF)=O)(O)C(C)(C2C1)CC(O)C(F)(C23)C(C)(C(=C4)C(F)C3)C=CC4=O,0
CN1C(=O)C(C(CCCC2)=C2)(C)C(=O)NC1=O,0
COc1cc2c(n(C(c3ccc(Cl)cc3)=O)c(C)c2CC(O)=O)cc1,0
COc1cc2c(n(C(c3ccc(Cl)cc3)=O)c(C)c2CC(NCCc4ccccc4)=O)cc1,0
Cc1c(CS(c2[nH]c(c3n2)cccc3)=O)nccc1OCC(F)(F)F,0
CC1(Cn(c2C1)c(CC(O)=O)c(c3ccc(Cl)cc3)c2c4ccccc4)C,0
COc1ccc(OC(N(Cc2ccc(OCCc3c(C)oc(c4ccccc4)n3)cc2)CC(O)=O)=O)cc1,0
Cc1c(C(NC(C(CN2C(C(NC(C)(C)C)=O)CC(C3C2)CCCC3)O)CSc4ccccc4)=O)cccc1O,0
COc1c(OC)c(CS(c2[nH]c(c3n2)cc(OC(F)F)cc3)=O)ncc1,0
CCC(C(C(=O)Oc(c12)cccc1)=C2O)c3ccccc3,0
CC(NC(NC(Nc1ccc(Cl)cc1)=N)=N)C,0
Fc1c(C(c(c2N(CC(F)(F)F)C(=S)C3)cc(Cl)cc2)=N3)cccc1,0
C=CC1C(CC(C(c2c(c3ncc2)cc(OC)cc3)O)N4C1)CC4,0
CCCc1c(c2n(C)n1)N=C(c3c(OCC)ccc(S(N4CCN(C)CC4)(=O)=O)c3)NC2=O,0
CCCCNC(NS(c1ccc(C)cc1)(=O)=O)=O,0
Cc1cc(C(c2ccccc2)CCN(C(C)C)C(C)C)c(O)cc1,0
CC(CN1c(c2CCc(c13)cccc3)cccc2)CN(C)C,0
CC(C(c1c(F)cc(F)cc1)(Cn2ncnc2)O)c3c(F)cncn3,0
CN1CCN(C(OC2N(c3ncc(Cl)cc3)C(=O)c(c24)nccn4)=O)CC1,0
Clc1cc(c2c(Cl)cc(Cl)c(Cl)c2)c(Cl)cc1,0
COc1c(C(=O)C)cccc1,0
N#Cc1c(Cl)cccc1Cl,0
COc1c(c2cc(c13)occ3)C=CC(=O)O2,0
COc1c(c2cc(c13)cco3)OC(=O)C=C2,0
CCOC(C)(C)C,0
CCCCCN(N=O)C,0
COC(C)(C)C,0
CCCCN(N=O)CCCC,0
CN(c1ccccc1)N=O,0
O=NN1CCCC1,0
NCCCOc1cc(CN2CCCCC2)ccc1,0
CC1C(=O)N(C)C(c2cnccc2)S1,0
CCC(OC)(C)C,0
COC(C(C(c1cc([N+]([O-])=O)ccc1)C(C(OC2CN(Cc3ccccc3)CC2)=O)=C(C)N4)=C4C)=O,0
C=CC1OC1,0
c1ccc(C2(C(C(NCC3)=N3)C2)c4ccccc4)cc1,0
Cc1c(CCCl)scn1,0
CC=C(C(OC1C(C)(C)Oc(c2C1)cc(c3c2)OC(=O)C=C3)=O)C,0
Fc1ccc(C(N2CCN(CC=Cc3ccccc3)CC2)c4ccc(F)cc4)cc1,0
CN(P(N(C)C)(N(C)C)=O)C,0
c1cc(c2cc1)cc[nH]2,0
COc1cc(c2cc1)nc(S(Cc3c(C)c(OC)c(C)cn3)=O)[nH]2,0
O=C1Oc(c2C=C1)cc(c3c2)occ3,0
C=CCc1cc2c(OCO2)cc1,0
Clc1cc(Cl)c(Cl)cc1,0
O=[N+](c1c(c(c(c2ccc3)c3cc4)c4cc1)cc2)[O-],0
Nc1cc(c2cc1)cccc2,0
O=[N+](c1cc(c(c(c2ccc3)c3cc4)c4c1)cc2)[O-],0
COc1cc2c(C3C(C(C4(C)CC3)CCC4O)CC2)cc1,0
Cc1c(c2[nH]c1)cccc2,0
O=[N+](c1c(c(c(c2c1)c3ccc2)c4cc3)ccc4)[O-],0
Cc1c(c2c(c3c1)cccc3)c(c4cc2)cccc4,0
O=[N+](c1c(c2c(c3c1)ccc(c34)cccc4)cccc2)[O-],0
Cc1c(c2c(c3c1)ccc(c34)cccc4)cccc2,0
CCOc1cc(c2cc1)OC(C3=N2)=CC(=O)C=C3,0
CCCCCc1cc2c(C(C3C(C)(C)O2)CC(C)=CC3O)c(O)c1,0
COc1cc(c2cc1)OC(=O)C=C2,0
COc1cc(c2cc1)OC(C3=N2)=CC(=O)C=C3,0
CC(=CC=O)C=CC=C(C=CC(C(C)(C)CCC1)=C1C)C,0
CCCCNCC(c(c1OC2=O)ccc(OC)c1)=C2,0
NC(NC(=O)C(Br)=C1c2ccccc2)=N1,0
NC(c1c2n(CCCC2)c(c3cnccc3)c1Cl)=O,0
Cc1c(C)c(c2cc1)Oc(c3C2=O)c(CC(O)=O)ccc3,0
CCNCC(c(c1OC2=O)ccc(OC)c1)=C2,0
Nc1cc(C(F)(F)F)c([N+]([O-])=O)cc1,0
COc1cc(OC)c(C=C2C(c3cnccc3)=NCCC2)cc1,0
Cn1c(c2nc1N)ccc(c23)nccc3,0
COc1cc(c2cc1)OC(=O)C=C2CN,0
CNC(Cc1cc2c(OCO2)cc1)C,0
CNCC(c(c1OC2=O)ccc(OC)c1)=C2,0
Cc1nc(c2nc1)c3c(n(C)c(N)n3)cc2,0
Cc1n(C)c2c(N(CC3CCCCC3)C(=O)N(C)C2=O)n1,0
Cc1n(C)c2c(N(Cc3occc3)C(=O)N(C)C2=O)n1,0
CN(N=O)C,0
CNc1cc(c2n(c3ncc2)ncc3C(c4sccc4)=O)ccc1,0
Nc1nc(c2c(OCc3ccccc3)n1)nc[nH]2,0
CCCNCC(c(c1OC2=O)ccc(OC)c1)=C2,0
Cn1c(c2nc1N)cc(c3ccccc3)cn2,0
FC(c1cc(N2CCNCC2)ccc1)(F)F,0
CC(c1sc(c2c1)cccc2)NC(=O)N,0
CC(NC(=O)N)C#Cc1sc(Cc2ccccc2)cc1,0
CC(N(C(=O)N)O)C#Cc1sc(Cc2ccccc2)cc1,0
CC(Nc1ccccc1)=O,0
COc1c(c2c3c(OC(C34)OC=C4)c1)C5=C(C(=O)CC5)C(=O)O2,0
CCCSc1cc(c2cc1)nc(NC(OC)=O)[nH]2,0
CC(=CC=CC(=CCO)C)C=CC(C(C)(C)CCC1)=C1C,0
CCCCc1c(C(c2cc(I)c(OCCN(CC)CC)c(I)c2)=O)c(c3o1)cccc3,0
CC(c1cc(C(F)(F)F)cc(C(F)(F)F)c1)OC2C(c3ccc(F)cc3)N(CC(NC(=O)N4)=N4)CCO2,0
CN1CCC(N2C(=O)c(c3C(Cc4ccc(Cl)cc4)=N2)cccc3)CCC1,0
c1cc2c(c(c(c(c3ccc4)c4cc5)c5c2)cc3)cc1,0
COc1ccc(C(C(=O)c(c2O3)c(O)cc(O)c2)=C3)cc1,0
COc1cc(c2cc1)[nH]cc2C(c3cc(OC)c(OC)c(OC)c3)=O,0
ClC(Br)Cl,0
CCc1c(c2ccc1)oc(C(CNC(C)(C)C)O)c2,0
CNC(Oc1c2c(CC(C)(C)O2)ccc1)=O,0
Cc1ccc(c2n(c3ccc(S(=O)(=O)N)cc3)nc(C(F)(F)F)c2)cc1,0
CCCNC(NS(c1ccc(Cl)cc1)(=O)=O)=O,0
O=C1Nc(c2CC1)ccc(OCCCCc3n(C4CCCCC4)nnn3)c2,0
O=C1Oc(c2C=C1)cccc2,0
Cc1[nH]c2c(N(CC3CCCCC3)C(=O)N(C)C2=O)n1,0
CN(NN=C1C(C(=O)N)=NC=N1)C,0
COC(c1c(c2c3c(OCO3)c(OC)cc2C(OC)=O)c4c(OCO4)c(OC)c1)=O,0
CCNC(Cc1cc(C(F)(F)F)ccc1)C,0
COc1cc(c2cc1)OC(=O)C=C2CN(C)C,0
COc1c(OC)cc(c2c1)n(Cc3nc[nH]c3)nc2CCN4CCN(c5c(C)c(Cl)ccc5)CC4,0
CN1C(CC2c(c3NC2)cc(CCS(c4ccccc4)(=O)=O)cc3)CCC1,0
CC(C(Nc1cc(C(F)(F)F)c([N+]([O-])=O)cc1)=O)C,0
COc1cc(c2cc1)c(CCN(C(C)C)C(C)C)c[nH]2,0
Cc1[nH]c2c(N(Cc3occc3)C(=O)N(C)C2=O)n1,0
Cc1c(C(Nc2c3c(C(C)(C)OC3C)ccc2)=O)c(Cl)n(C)n1,0
NC(=NN=Cc1c(Cl)cccc1Cl)N,0
O=S(c1[nH]c(c2n1)ccc(F)c2)Cc3nccc(OCC4CC4)c3,0
COc1cc(c2cc1)[nH]c3c2CCN=C3C,0
COc1cc2c(c(c3[nH]2)ccnc3C)cc1,0
CC(Oc1cc(c2cc1)OC=C(c3ccccc3)C2=O)C,0
CC(N=C(N=C(NOCCCOc1c(Cl)cc(OC(F)(F)F)cc1)N)N)C,0
COc1ccc(C2=C(O)C(=O)c(c3O2)c(O)cc(O)c3)cc1,0
COc1cc(C)c(N2c(c3CC2)c(c4nc3NCCO)cccc4OC(F)(F)F)cc1,0
CC(CCCCN1C(=O)N(C)c2c(n(C)cn2)C1=O)O,0
CCn1nc(C(CN(C)CC2)=C2)nn1,0
Cc1cc(C)ccc1,0
CNCCCC(c(c12)cccc1)(c(c34)cccc3)CCC24,0
COc1ccc(C(C(Cl)(Cl)Cl)c2cc(O)c(O)cc2)cc1,0
C=CCc1cc(OC)c(OC)cc1,0
CSc1[nH]c(c2ccc(F)cc2)c(c3cc(NC(c4ccccc4)C)ncc3)n1,0
CC(c1ccccc1)Nc2nccc(c3c(c4ccc(F)cc4)[nH]c(S(=O)C)n3)c2,0
CC(Cc1cc(C(F)(F)F)ccc1)N,0
CNCCC=C1c(c2CCc(c13)cccc3)cccc2,0
Cc1c(N)ccc(N=Nc2c(C)cccc2)c1,0
Cc1n(CC2C(=O)c3c(n(C)c(c34)cccc4)CC2)ccn1,0
CCCN1CC(c2cc(S(=O)(=O)C)ccc2)CCC1,0
CC(Nc1ccc(OC(C)C)cc1)=O,0
COc1ccc(NC(=O)C)cc1,0
Cc1ccc(O)cc1,0
CCOc1ccc(NC(=O)C)cc1,0
O=C1NC(c2ccccc2)(c3ccccc3)C(=O)N1,0
COc1ccc(c2[nH]c(c3n2)ccc(C(C(C)CC(=O)N4)=N4)c3)cc1,0
O=C1N(C2CCN(CCCC(c3ccc(F)cc3)c4ccc(F)cc4)CC2)c(c5N1)cccc5,0
CCCCCC(C=CC1C(CC=CCCCC(O)=O)C2CC1OO2)O,0
CC(N=C(N=C(NOCCCOc1c(Cl)cc(Cl)c(Cl)c1)N)N)C,0
COc1cc(c2cc1)c3c(c4N2)c(n(CCCN(C)C)n3)ccc4[N+]([O-])=O,0
CNC(NCCSCc1oc(CN(C)C)cc1)=C[N+]([O-])=O,0
Nc1sc(c2n1)cc(OC(F)(F)F)cc2,0
CCCN(CCc1c2c(NC(=O)C2)ccc1)CCC,0
O=C1N2C(c3c(c(c4[nH]3)cccc4)CC2)=Nc(c15)cccc5,0
Nc1c(c2nc3c1CCCC3)cccc2,0
COc1ccc(C(Oc(c2C3=O)c(OC)c(OC)c(OC)c2OC)=C3)cc1,0
COc1c(OC)c(c2c(OC)c1OC)OC(c3ccc(O)cc3)=CC2=O,0
CN(S(CCNC(N(N=O)CCCl)=O)(=O)=O)C,0
CCCCCNC(NN=Cc1c(c2[nH]c1)cc(OC)cc2)=N,0
Cn1c2c(N(C)C(=O)NC2=O)nc1,0
c1cc(c2cc1)nc(c3ncsc3)[nH]2,0
Clc1c(CN2Cc(c3CC2)ccs3)cccc1,0
CN(CCOc1ccc(C(c2ccccc2)=C(c3ccccc3)CCCl)cc1)C,0
O=C(CCc1c(CC(O)=O)c2[nH]c1Cc3[nH]c(c(CCC(O)=O)c3CC(O)=O)Cc4[nH]c(c(CCC(O)=O)c4CC(O)=O)Cc5[nH]c(c(CCC(O)=O)c5CC(O)=O)C2)O,0
COc1c(OC)cc(CCN(CCCC(C(C)C)(c2cc(OC)c(OC)cc2)C#N)C)cc1,0
CNC1C(OC)CN(c2nc(c3cc2)N(c4sccn4)C=C(C(O)=O)C3=O)C1,0
CC(CC(C(C(=O)c(c1O2)cccc1)=C2O)c3ccccc3)=O,0
CN(CCc1c(c2[nH]c1)cc(CC3NC(=O)OC3)cc2)C,0
Cc1ccc(c2c(CC(N(C)C)=O)n(c3n2)cc(C)cc3)cc1,0
CC(=CC=CC(=CC(O)=O)C)C=CC(C(C)(C)CCC1)=C1C,0
BrCCBr,0
CC(c1sc(c2c1)cccc2)=O,0
COC(C(N1CC2=C(SC(=O)C2)CC1)c3c(Cl)cccc3)=O,0
COc1cc2c(C3(c(c4C(=O)O3)cccc4)c(c5O2)ccc(O)c5)cc1,0
CCOc1cc(c2cc1)OC(=O)C(C#N)=C2,0
CCOc1cc(c2cc1)OC(=O)C=C2C(F)(F)F,0
COc1cc(c2cc1)OC(=O)C=C2C(F)(F)F,0
CCOc1cc(c2cc1)OC(=O)C=C2CCl,0
C=CC1CCC=CC1,0
Nc1c(c2c(c3c1)ccc(c34)cccc4)cccc2,0
CCCCOc1cc(c2cc1)OC(=O)C=C2C(F)(F)F,0
O=C1C=C(C(=N2)C=C1)Oc(c23)cc(OCc4ccccc4)cc3,0
CCOc1cc(c2cc1)OC(=O)C=C2,0
O=Cc1c(c2cc(c13)cccc3)cccc2,0
CC[N+](CCC(C(=O)Oc(c12)cc(OC)cc1)=C2C)(CC)C,0
O=C1Oc(c2C(C(F)(F)F)=C1)cc(OCc3ccccc3)cc2,0
Oc1c(CNC2C(c3ccccc3)NCCC2)cc(OC(F)(F)F)cc1,0
CCN(C(SC)=S)CC,0
CCN(C(SC)=O)CC,0
Cc1c2c(c(c3cc2)cccc3)c(C)c(c14)cccc4,0
COC(C1(C(O)C(N(c2ccc(Cl)cc2)Cc3nn(C)nn3)c(c4O1)cc(N)cc4)C)OC,0
Cc1c(OCC(N)C)c(C)ccc1,0
CCN(N=O)CC,0
CCCN(N=O)CCC,0
CCCCN(N=O)C,0
CCN(C(c1cc(C)ccc1)=O)CC,0
CCCCCN(N=O)CCCCC,0
COc1c(OC2CCCC2)cc(C(Nc3c(Cl)cncc3Cl)=O)cc1,0
O=C1SC(C2=C1)CCN(C(c3c(F)cccc3)C(C4CC4)=O)C2,0
CCc1c(N(C(CCl)=O)COC)c(CC)ccc1,0
CCNc1nc(SC)nc(NC(C)C)n1,0
CN(C(C(=O)N(c1ccccc1)N2C)=C2)C,0
CC(N(C)N(c1ccccc1)C2=O)=C2,0
CNCCC(c1ccccc1)Oc2c(C)cccc2,0
CCNc1nc(NC(C)C)nc(Cl)n1,0
CC(N(Cc1ccccc1)C)Cc2ccccc2,0
CCOC1C(C)C(C(OOC2(C)O3)(C4CCC2)C3O1)CCC4C,0
CCCCOCN(c1c(CC)cccc1CC)C(CCl)=O,0
COc1c(O)ccc(CNC(CCCCC=CC(C)C)=O)c1,0
CNC(Oc1c(c2ccc1)cccc2)=O,0
CCOP(Oc1c(Cl)cc(Cl)c(Cl)n1)(OCC)=S,0
C(CN1CCN(C(c2ccccc2)c3ccccc3)CC1)=Cc4ccccc4,0
CN1c(c2N(c3ccccc3)C(=O)CC1=O)ccc(Cl)c2,0
COC(C(N1Cc(c2CC1)ccs2)c3c(Cl)cccc3)=O,0
CCc1sc2c(C(c3c(Cl)cccc3)=NCC(=O)N2C)c1,0
O=P1(OCCCN1)N(CCCl)CCCl,0
CC(CC1C(C1(C)C)C2)=C2,0
CNC(C1(CCC1)c2ccc(Cl)cc2)CC(C)C,0
CCCCCN(C(C(NC(c1cc(Cl)c(Cl)cc1)=O)CCC(O)=O)=O)CCCOC,0
CN1c(c2C(c3ccccc3)=NCC1=O)ccc(Cl)c2,0
CCOP(Oc1nc(C(C)C)nc(C)c1)(OCC)=S,0
c1cc2c(c(c3cc2)cc4c(c(c5cc4)cccc5)c3)cc1,0
c1cc2c(c(c(c(c3ccc4)c4cc5)c5c2)c(c36)cccc6)cc1,0
CN(C(Nc1cc(Cl)c(Cl)cc1)=O)C,0
O=C1N(CCCN2CCC(N3c(c4NC3=O)ccc(Cl)c4)CC2)c(c5N1)cccc5,0
O=S1OCC2C(C(C(Cl)(Cl)C23Cl)(Cl)C(Cl)=C3Cl)CO1,0
CC1(C(=O)CC2)C2C(C3CC1)CCc(c34)cc(O)cc4,0
CCc1sc2c(C(c3c(Cl)cccc3)=NCc(n24)nnc4C)c1,0
CC(NCCC#N)Cc1ccccc1,0
CN1c(c2C(c3c(F)cccc3)=NCC1=O)ccc([N+]([O-])=O)c2,0
CNCCC(c1ccccc1)Oc2ccc(C(F)(F)F)cc2,0
FC(C(Br)Cl)(F)F,0
CCCCCC,0
O=P1(N(CCCl)CCCO1)NCCCl,0
CNC1(C(=O)CCCC1)c2c(Cl)cccc2,0
CCCCCCCCCCCC(O)=O,0
CCN(CC(Nc1c(C)cccc1C)=O)CC,0
CN(C(C(c1ccccc1)(c2ccccc2)CCN3CCC(c4ccc(Cl)cc4)(O)CC3)=O)C,0
CCOC(N1CCC(=C2c(c3CCc(c24)cc(Cl)cc4)nccc3)CC1)=O,0
CCNC(Cc1cc2c(OCO2)cc1)C,0
COc1cc(c2cc1)c(CCNC(=O)C)c[nH]2,0
CCOC(C1(CCN(C)CC1)c2ccccc2)=O,0
CCC1(C(=O)N(C)C(=O)N1)c2ccccc2,0
CNC(Oc1cc(C)c(SC)c(C)c1)=O,0
COc1ccc(C(C(Cl)(Cl)Cl)c2ccc(OC)cc2)cc1,0
Oc1ccc(C(C(Cl)(Cl)Cl)c2ccc(O)cc2)cc1,0
COc1ccc(C(C(Cl)(Cl)Cl)c2ccc(O)cc2)cc1,0
COc1cc(c2cc1)ccc(CCC(=O)C)c2,0
Cc1c2c(N(C3CC3)c(c4C(=O)N2)nccc4)ncc1,0
COC(C(C(c1cc([N+]([O-])=O)ccc1)C(C(OCCN(Cc2ccccc2)C)=O)=C(C)N3)=C3C)=O,0
CCC(C(c1ccccc1)(c2ccccc2)CC(NC)C)OC(=O)C,0
COc1c2c(C(C(C34)(O)CCC5=O)(C5O2)CCN3C)c(C4)cc1,0
CCOP(Oc1ccc([N+]([O-])=O)cc1)(OCC)=S,0
CN1CCN(CCCN2c(c3Sc(c24)cccc4)cccc3)CC1,0
C1CCC(C(C2CCCCC2)CC3NCCCC3)CC1,0
CCOP(SCSCC)(OCC)=S,0
CN(CCCN1c(c2Sc(c13)cccc3)cccc2)C,0
c1cc(c2cc1)cccn2,0
COCCCOc1c(C)c(CSc2[nH]c(c3n2)cccc3)ncc1,0
C#CCN(C(Cc1ccccc1)C)C,0
CC(C(=O)C(C)=C(C(c1ccccc1)CCCCCC(O)=O)C2=O)=C2C,0
CNC1c(c2C(c3cc(Cl)c(Cl)cc3)CC1)cccc2,0
CC(CC(C1(CCC1)c2ccc(Cl)cc2)N(C)C)C,0
Nc1ccc(S(Nc2ncccn2)(=O)=O)cc1,0
CCC(c1ccccc1)=C(c2ccc(OCCN(C)C)cc2)c3ccccc3,0
O=C1C(F)=CN(C2OCCC2)C(=O)N1,0
CN1c(c2C(c3ccccc3)=NC(O)C1=O)ccc(Cl)c2,0
CCNc1nc(SC)nc(NC(C)(C)C)n1,0
O=C1NC(=O)C(N2C(=O)c(c3C2=O)cccc3)CC1,0
CN1C(=O)N(C)c(c2C1=O)nc[nH]2,0
CSc1cc2c(Sc(c3N2CCC4N(C)CCCC4)cccc3)cc1,0
Cc1ccccc1,0
COc1cc(C2(C(CN(C)C)CCCC2)O)ccc1,0
O=P1(N(CCCl)CCCO1)N(CCCl)CCCl,0
Cc1c(O)c(C)c2c(OC(COc3ccc(CC4C(=O)NC(=O)S4)cc3)(C)CC2)c1C,0
Cc1cc(c2c(C)c1CCO)CC(CO)(C)C2=O,1
Nc1nc(c2c(NC3CC3)n1)n(C4CC(CO)C=C4)cn2,1
CC1C2(O)CC(O3)(C3(C)C(=O)OCC(C(N4CC5)C5OC2=O)=CC4)CO1,1
CC(NCC(c1ccc(O)c(CO)c1)O)(C)C,1
CCC(Nc1ccc(O)cc1)=O,1
O=C(Cc1c(c2[nH]c1)cc(CS(N3CCCC3)(=O)=O)cc2)O,1
OC1CCC(N2Cc(c3NC2)cc(Br)cc3Br)CC1,1
Nc1c(C(O)=O)cc(Br)cc1Br,1
CN(S(n1nc(S(n2c(CO)c(Br)c(c23)ccc(F)c3)(=O)=O)nc1)(=O)=O)C,1
CN(S(n1nc(S(n2c(CO)c(Br)c(c23)cc(O)c(F)c3)(=O)=O)nc1)(=O)=O)C,1
CCOC(c1c(COCCO)nc(C)c(C(OC)=O)c1c2ccccc2Cl)=O,1
CC(Cc1cccc(O)c1)N,1
CC(c1cc(C(CO)(C#N)C)cc(Cn2ncnc2)c1)(C#N)C,1
COc1ccc(C(O)=O)cc1,1
CN1N(c2ccccc2)C(=O)C=C1CO,1
Cc1cc(O)n(c2ccccc2)n1,1
NC(c1c2c(C(=O)N(c3ccc(N4C(=O)CCCC4)cc3)CC2)n(c5ccc(O)cc5)n1)=O,1
CCOc1cc(C(NC(c2c(C(O)=O)c(NC(=O)C)ccc2)=O)CS(=O)(=O)C)ccc1O,1
CCOc1cc(C(N2C(=O)c(c3C2=O)c(NC(=O)C)ccc3)CS(=O)(=O)C)ccc1O,1
CCOc1cc(C(N2C(=O)c(c3C2=O)c(NC(CO)=O)ccc3)CS(=O)(=O)C)ccc1OC,1
CN1CC(C2C1)c3c(cccc3)Oc(c24)ccc(Cl)c4,1
Clc1cc(c2cc1)C(C3c4c(cccc4)O2)CNC3,1
O=C(CNC(c1ccccc1O)=O)O,1
CC(NCC(COc1ccc(CC(=O)N)cc1)O)C,1
Cc1c(O)cccc1OC(c2ccccc2)CCN,1
CNCCC(c1ccccc1)Oc2cccc(O)c2C,1
CNCCC(c1ccccc1)Oc2cccc(O)c2C(O)=O,1
CC(c1n(CCC2OC(=O)CC(O)C2)c(c3ccc(F)cc3)c(c4ccccc4)c1C(Nc5ccccc5)=O)C,1
O=C(CN1c(c2CCC(NC(C(O)=O)CCc3ccccc3)C1=O)cccc2)O,1
CC(c1sc(c2n1)cc(F)cc2)O,1
CC(OC(NC(C(C)C)C(NC(c1sc(c2n1)cc(F)c(O)c2)C)=O)=O)C,1
COc1c(OC)c(c2cc1)c[n+](c3c2)CCc(c34)cc(OC5C(O)C(O)C(O)C(C(O)=O)O5)c(O)c4,1
COc1c(OC)c(c2cc1)c[n+](c3c2)CCc(c34)cc(O)c(O)c4,1
COc1c(O)c(c2cc1)c[n+](c3c2)CCc(c34)cc(OC5C(O)C(O)C(O)C(C(O)=O)O5)c(OC)c4,1
COc1c(OC)c(c2cc1)c[n+](c3c2)CCc(c34)cc(O)c(OC)c4,1
COc1c(O)c(c2cc1)c[n+](c3c2)CCc(c34)cc5c(OCO5)c4,1
COc1c(OC)c(c2cc1)c[n+](c3c2)CCc(c34)cc5c(OCO5)c4,1
C=C(c1c(C)cc2c(C(C)(C)CC(O)C2(C)C)c1)c3ccc(C(O)=O)cc3,1
C=C(c1c(C)cc2c(C(C)(C)CCC2(C)C)c1)c3ccc(C(O)=O)cc3,1
C=C(c1c(C)cc2c(C(C)(C)C(=O)CC2(C)C)c1)c3ccc(C(O)=O)cc3,1
C=C(c1c(C)cc2c(C(C)(C)C(O)CC2(C)C)c1)c3ccc(C(NCCS(O)(=O)=O)=O)cc3,1
CC(C(Nc1cc(C(F)(F)F)c(C#N)cc1)=O)(CS(c2ccc(F)cc2)(=O)=O)O,1
CC(C(Nc1cc(C(F)(F)F)c(C#N)cc1)=O)(CS(c2ccc(F)c(O)c2)(=O)=O)O,1
Cc1ccc(C2(C3)C3CNC2)cc1,1
O=C(c1ccc(C2(C3)C3CNC2)cc1)O,1
O=C(c1ccc(C2(C3)C3C(=O)NC2)cc1)O,1
CCNC(CCCC=CCC1C(C=CC(CCc2ccccc2)O)C(O)CC1O)=O,1
CCC(NCC1C(c2cccc(c23)OCC3)C1)=O,1
CCOc1n(Cc2ccc(c3c(c4nn[nH]n4)cccc3)cc2)c5c(cccc5C(O)=O)n1,1
CC1C(O)C(O)C(N2C(=O)N=C(N)C(F)=C2)O1,1
CC(NCC(COc1c2c([nH]c(c23)cccc3)ccc1)O)C,1
O=C(C(COc1cccc2c1c(c3[nH]2)cccc3)O)O,1
NS(c1ccc(n2c(c3ccc(CO)cc3)cc(C(F)(F)F)n2)cc1)(=O)=O,1
NS(c1ccc(n2c(c3ccc(C(O)=O)cc3)cc(C(F)(F)F)n2)cc1)(=O)=O,1
O=C(COCCN1CCN(C(c2ccc(Cl)cc2)c3ccccc3)CC1)O,1
CN(CCC(c1ncccc1)c2ccc(Cl)cc2)C,1
C=C1C(O)CC(O)CC1=CC=C2C3C(C(C(CCCC(O)(C)C)C)CC3)(C)CCC2,1
CC(c1c2c(C(O)C(O)C=C2)ccc1)NCCCc3cccc(C(F)(F)F)c3,1
CC(c1c2c(cc(O)cc2)ccc1)NCCCc3cccc(C(F)(F)F)c3,1
CC(c1c2c(C(O)C(O)C=C2)ccc1)NCCCc3ccc(O)c(C(F)(F)F)c3,1
CC(C(c1c(cccc1)C(O)C2O)=C2)NCCCc3cccc(C(F)(F)F)c3,1
COc1cc(N)c(Cl)cc1C(NC2CCN(Cc3ccccc3)CC2)=O,1
COc1cc(N)c(Cl)cc1C(NC2CCN(C(c3ccccc3)O)CC2)=O,1
COc1cc(N)c(Cl)cc1C(NC2CCNCC2)=O,1
O=C(C(N1Cc2c(scc2)CC1)c3c(Cl)cccc3)O,1
O=C1Oc(c2C=C1)cc(O)cc2,1
Cn1c2c(cc(C(N(c3ccccn3)CCC(O)=O)=O)cc2)nc1CNc4ccc(C(N)=N)cc4,1
CC(CN(S(c1ccc(N)cc1)(=O)=O)CC(C(NC(OC2C(C3OC2)CCO3)=O)Cc4ccccc4)O)C,1
CC(CN(S(c1ccc(N)c(O)c1)(=O)=O)CC(C(Cc2ccccc2)N)O)C,1
OC1c2c(ccc(Cl)c2)C(C3CCNCC3)c(c4C1)nccc4,1
OC1c(c2C(C3CCNCC3)c4c(cc(Cl)cc4)C1)cccn2,1
Oc1cc2c(C(C3CCNCC3)c4c(cc(Cl)cc4)CC2)nc1,1
O=C1C(O)N=C(c2ccccc2)c(c3N1)cc(Cl)cc3,1
O=C(Cc1c(Nc2c(Cl)cc(O)cc2Cl)cccc1)O,1
CN(CCOC(C1CC=CC=C1)c2ccccc2)C,1
OCCN(c1nc(N2CCCCC2)c3c(c(N4CCCCC4)nc(N(CCO)CCO)n3)n1)CCO,1
O=C(CCN1c(c2NC1=O)cccc2)O,1
O=C1N(CCCN2CCC(N3c4c(cc(Cl)cc4)NC3=O)CC2)c(c5N1)ccc(O)c5,1
O=C1c2c(c(O)c(c3c2O)CCC(C(CO)O)(O)C3)C(=O)c(c14)c(O)ccc4,1
CCCCCc1cc(O)c2c(OC(C)(C)C(C23)CCC(CO)=C3)c1,1
CN1Cc2c(nc(C(NC3(C(NC(C(Nc4ccc(Cl)cn4)=O)=O)CCC(C(N(C)C)=O)C3)C)=O)s2)CC1,1
O=C1OC(C(F)(F)F)(C#CC2CC2)c(c3N1)cc(Cl)c(O)c3,1
O=C1OC(C(F)(F)F)(C#CC2(CC2)O)c(c3N1)cc(Cl)cc3O,1
O=C1OC(C(F)(F)F)(C#CC2(CC2)O)c(c3N1)cc(Cl)c(O)c3,1
Cc1c(C)cc(N2C(=O)C(=NNc3cccc(c4cc(C(O)=O)ccc4)c3O)C(C)=N2)cc1,1
Cc1c(C)cc(N2C(=O)C(N)C(C)=N2)cc1,1
Nc1cccc(c2cc(C(O)=O)ccc2)c1O,1
CN1CCN(c2c(C=C3C(=O)N(c4ccc(Cl)c(Cl)c4)CCS3)ccc(O)c2)CC1,1
C#Cc1cccc(Nc2c(c3ncn2)cc(OCCOC)c(OCCOC)c3)c1,1
C#Cc1cccc(Nc2c(c3ncn2)cc(OCCOC)c(OCCO)c3)c1,1
C#Cc1c(O)ccc(Nc2c(c3ncn2)cc(OCCOC)c(OCCOC)c3)c1,1
CN(CCC1(c(c2CO1)ccc(C#N)c2)c3ccc(F)cc3)C,1
N#Cc1cc2c(C(c3ccc(F)cc3)(CC(O)=O)OC2)cc1,1
N#Cc1cc2c(C(c3ccc(F)cc3)(CCN)OC2)cc1,1
CS(c1ccc(c2c(c3ccc(CO)nc3)ncc(Cl)c2)cc1)(=O)=O,1
O=C1N(c2ccc(F)cc2)C(c3ccc(O)cc3)C1CCC(c4ccc(F)cc4)O,1
CCN(CCN1C(=O)c2c([nH]c(C=C3c(c4NC3=O)cc(O)cc4)c2C)CC1)CC,1
CCNCCN1C(=O)c2c([nH]c(C=C3c(c4NC3=O)cc(O)cc4)c2C)CC1,1
Cc1nc(c2cc(C#N)c(OCC(C)C)cc2)sc1C(O)=O,1
Cc1nc(c2cc(C#N)c(OCC(O)(C)C)cc2)sc1C(O)=O,1
CC(C(O)=O)(Oc1ccc(C(c2ccc(Cl)cc2)=O)cc1)C,1
CC(C(O)=O)(Oc1ccc(C(c2ccc(Cl)cc2)O)cc1)C,1
CC(NC(C1C(C)(C2CC1)CCC(C23)C(C)(C4CC3)C=CC(=O)N4)=O)(CO)C,1
CC(C(O)=O)(NC(C1C(C)(C2CC1)CCC(C23)C(C)(C4CC3)C=CC(=O)N4)=O)C,1
NC(CCc1ccc(CCCC(O)=O)cc1)(CO)CO,1
CC(NC(C(O)=O)CSc1c(C(F)(F)F)cc(N)c(Nc2c(Cl)cc(C(F)(F)F)cn2)c1[N+]([O-])=O)=O,1
Nc1cc(C(F)(F)F)c(Cl)c(N)c1Nc2c(Cl)cc(C(F)(F)F)cn2,1
OC(c1ccc(F)cc1F)(Cn2ncnc2)Cn3ncnc3,1
OC(c1ccc(F)cc1)c2ccc(F)cc2,1
COc1c(O)ccc(C=CCN2CCN(C(c3ccc(F)cc3)c4ccc(F)cc4)CC2)c1,1
NCCON=C(c1ccc(C(F)(F)F)cc1)CCCCO,1
O=C(Nc1ccnc(Cl)c1)Nc2ccc(O)cc2,1
O=C(C1N(C(CP(CCCCc2ccccc2)(O)=O)=O)CC(C3CCCCC3)C1)O,1
CN1Cc2c(C3(C4CC(O)C=C3)CC1)c(c(O)cc2)O4,1
CC(=CCCC1(Oc(c2C=C1)c(CC=C(C)C)c3c(C(=O)C(=CC4C5=O)C(C5(CC=C(C(O)=O)C)OC6(C)C)(C6C4)O3)c2O)C)C,1
CC(=CCCC1(Oc(c2C=C1)c(CC=C(C)C)c3c(C(=O)C(C(C4C5=O)O)C(C5(CC=C(C(O)=O)C)OC6(C)C)(C6C4)O3)c2O)C)C,1
CC1c(c2CN1)ccc(c3ccc4c(N(C5CC5)C=C(C(O)=O)C4=O)c3OC(F)F)c2,1
CC1N(C(O)=O)Cc(c12)cc(c3ccc4c(N(C5CC5)C=C(C(O)=O)C4=O)c3OC(F)F)cc2,1
Cc1cc(OCCCC(C(O)=O)(C)C)c(C)cc1,1
Cc1cc(OCCCC(C(O)=O)(C)C)c(CO)cc1,1
Cc1c(OCCCC(C(O)=O)(C)C)cc(CO)cc1,1
Cc1c(OCCCC(C(O)=O)(C)C)cc(C(O)=O)cc1,1
CC1(N(CC(O)=O)C(=O)C(NC(C(SSCC(C(O)=O)N)Cc2ccccc2)=O)CCC1)C,1
CC(c1ccc(CC(O)(C)C)cc1)C(O)=O,1
CC(C1(C(=O)NC(c2c(C(O)=O)cc(CO)cn2)=N1)C)C,1
Cc1n(CCC(c2ccccc2)(c3ccccc3)C(=O)N)ccn1,1
CCCN1C(=O)C(c2ccc(CO)cc2)=C(c3ccc(S(=O)(=O)C)cc3)C1,1
CCCN1C(O)C(c2ccc(S(=O)(=O)C)cc2)=C(c3ccc(CO)cc3)C1=O,1
CCc1c(CC)cc2c(CC(NCC(c3c4c(NC(=O)C=C4)c(O)cc3)O)C2)c1,1
CCc1c(C(O)C)cc2c(CC(NCC(c3c4c(NC(=O)C=C4)c(O)cc3)O)C2)c1,1
CCCCC(N(Cc1ccc(c2c(c3[nH]nnn3)cccc2)cc1)C(=O)C45CCCC4)=N5,1
CCc1c(c2nc(c13)C(N4C3)=CC5=C(COC(=O)C5(CC)O)C4=O)cc(O)cc2,1
Nc1nnc(c2c(Cl)c(Cl)ccc2)c(N)n1,1
CS(c1cc(F)cc2c1n(Cc3ccc(Cl)cc3)c4c2CCC4CC(O)=O)(=O)=O,1
CS(c1cc(F)cc2c1n(Cc3ccc(Cl)cc3)c4c2C(=O)CC4CC(O)=O)(=O)=O,1
Oc1ccc2c(CCC(c3ccccc3)C2c4ccc(OCCN5CCCC5)cc4)c1,1
N#Cc1ccc(C(c2ccc(C#N)cc2)O)cc1,1
COc1cc(C(N2CCN(CCOCC(O)=O)CC2)c3ccc(Cl)cc3)ccc1O,1
CC1N(c(c23)c(c(N4CCN(C)CC4)c(F)c2)OC1)C=C(C(O)=O)C3=O,1
CC(C1C(C)(C2CC1)CCC(C23)C(C)(C4C(O)C3)CCC(O)C4)CCC(O)=O,1
OC1c2c(ccc(Cl)c2)C(=C3CCNCC3)c4c(cccn4)C1,1
CCOC(N1CCC(=C2c3c(cc(Cl)cc3)CCc(c24)cc(O)cn4)CC1)=O,1
O=C1C(O)N=C(c2ccccc2Cl)c3c(ccc(Cl)c3)N1,1
O=C1Nc2c(cc(Cl)cc2)C(c3ccccc3Cl)=N1,1
O=C1N(CC2C(CN3CCN(c4c5c(cccc5)sn4)CC3)CCCC2)C(=O)C(C16)C(CC67)CC7,1
O=C(C1C(CN2C(=O)C(C3C2=O)C(CC34)CC4)CCCC1)O,1
O=C(C1C(CN2C(=O)C(C3C2=O)C(C(O)C34)CC4)CCCC1)O,1
NC(C(c1ccc(Cl)cc1)O)=O,1
CC1(CC(CC2C1)(N)CC3(C)C2)C3,1
Nc1ccc(O)c(C(O)=O)c1,1
Cc1cc(C(O)=O)cc(OCC2OC(=O)NC2)c1,1
CC=C1C(c2ccc(O)cc2)(c3ccccc3)CC(C)N1C,1
CC=C1C(c2ccccc2)(c3ccccc3)CC(C)N1C,1
CCC(C(c1ccccc1)(c2ccccc2)CC3C)=N3,1
Cc1cc(C(N(C(C)(C)C)NC(c2c(C)c(O)ccc2)=O)=O)cc(C)c1,1
Cc1cc(CO)cc(C(N(C(C)(C)C)NC(c2c(C)c(O)ccc2)=O)=O)c1,1
COc1cc(CC(N)C)ccc1O,1
O=C(C(C1NCCCC1)c2ccc(O)cc2)O,1
CCN(CCNC(c1c(OC)c(O)c(N)c(Cl)c1)=O)CC,1
CCN(CCNC(c1c(OC)cc(N)c(Cl)c1O)=O)CC,1
c1cc2c(N(C3c4c(cccc4)C2)CCNC3)cc1,1
CN1CC(N2CC1)c3c(cccc3)Cc4c2ccc(O)c4,1
CCN(C(C1(C(CN)C1)c2ccccc2)=O)CC,1
Nc1ccc(CCNCC(c2ccccc2)O)cc1,1
NC(CS(C(c1ccc(O)cc1)c2ccccc2)=O)=O,1
Nc1ccc2c(Nc(c3S2)cccc3)c1,1
Cc1n(CC(CN2CCOCC2)O)c([N+]([O-])=O)cn1,1
COc1c(N2CC(C3C2)NCCC3)c(F)cc4c1N(C5CC5)C=C(C(O)=O)C4=O,1
C=CCN1C2C(O)(C(C3O4)(c(c5C2)c4c(O)cc5)CC1)CCC3=O,1
C=CCN1C2C(O)(C(C3O4)(c(c4c(O)cc5)c5C2)CC1)CCC3O,1
CC(C1CCC(C(NC(C(O)=O)Cc2ccccc2)=O)CC1)C,1
Cc1c2c(N(C3CC3)c4c(cccn4)C(=O)N2)nc(O)c1,1
Cc1c2c(N(C3CC3)c4c(cccn4)C(=O)N2)ncc1O,1
O=C1c2c(nccc2)N(C3CC3)c4c(c(CO)ccn4)N1,1
COC(c1c(c2ccccc2[N+]([O-])=O)c(C(OC)=O)c(CO)nc1C)=O,1
COC(c1c(c2ccccc2[N+]([O-])=O)c(C(O)=O)c(CO)nc1CO)=O,1
CCCC1=NC(C(C)(O)C)=C(N1Cc2ccc(c3c(C4N=NN=N4)cccc3)cc2)C(O)=O,1
COc1cc(c2cc1O)[nH]c(SCc3c(C)c(OC)c(C)cn3)n2,1
NC(N1c2c(cccc2)C(O)Cc3c1cccc3)=O,1
O=C(c1ccc(O)cc1O)c2ccccc2,1
O=C(c1ccc(O)c(O)c1O)c2ccccc2,1
COc1ccnc(CSc2[nH]c(c3n2)cc(OC(F)F)cc3)c1OC,1
COc1c(CSc2[nH]c(c3n2)cc(OC(F)F)cc3)nccc1O,1
COc1ccc(OCC2C(c3ccc(F)cc3)CCNC2)cc1O,1
COc1ccc(OC(N(C(c2ccc(OCCc3nc(c4ccccc4)oc3C)cc2)C)CC(O)=O)=O)cc1,1
OCCN1CCN(CCCN2c(c3Sc(c24)cc(O)cc4)cc(Cl)cc3)CC1,1
O=C1c(c2C(c3ccc(O)cc3)(c4ccc(O)cc4)O1)cccc2,1
O=C1c(c2C(c3ccc(OC4C(O)C(O)C(O)C(C(O)=O)O4)cc3)(c5ccc(O)cc5)O1)cccc2,1
CC1(C(C(O)=O)N(C2S1)C(=O)C2NC(C(c3ccccc3)NC(N4C(=O)C(=O)NCC4)=O)=O)C,1
CC(c1ccc(N2CC=CC2)c(Cl)c1)C(O)=O,1
CC(c1ccc(n2cccc2)c(Cl)c1)C(O)=O,1
CC(c1ccc(N2CC(C3C2)O3)c(Cl)c1)C(O)=O,1
O=C(CC(CC(C=Cc1c(C2CC2)nc3c(cccc3)c1c4ccc(F)cc4)O)O)O,1
CCC(C(OC1C(C2=CC(O)C1)C(CCC(CC(CC(O)=O)O)O)C(C)C=C2)=O)C,1
COc1cc2c(c(N)nc(N3CCN(C(c4occc4)=O)CC3)n2)cc1OC,1
COc1cc2c(c(N)nc(N3CCN(C(c4occc4)=O)CC3)n2)cc1O,1
NC(NCCOc1c(Cl)cc(Cl)cc1Cl)=O,1
CC(C1OC(C2C3C(C(C)(C4CC3O)CCC(C45C)C(C)(C)C(O)CC5)(C)CC2)(C)CC1)(O)C,1
CC(Cn1c2c(N(C)C(=O)N(C)C2=O)nc1)O,1
CC(Cn1c2c(NC(=O)N(C)C2=O)nc1)O,1
ON=C(c1ccccc1)c2ccccc2,1
CC(c1scc(CN(C(NC(C(C)C)C(CC(CC(C(NC(OCc2scnc2)=O)Cc3ccccc3)O)Cc4ccccc4)=O)=O)C)n1)C,1
CS(c1ccc(C(C(O)OC2=O)=C2c3ccccc3)cc1)(=O)=O,1
CS(c1ccc(C(COC2=O)=C2c3ccccc3)cc1)(=O)=O,1
CCCNCCc1cccc(c12)NC(=O)C2,1
CCCN(CCc1ccc(O)c(c12)NC(=O)C2)CCC,1
CN(c1ncc(O)cc1)CCOc2ccc(CC3C(=O)NC(=O)S3)cc2,1
CN(c1ncccc1O)CCOc2ccc(CC3C(=O)NC(=O)S3)cc2,1
CC(c1nc(N(S(=O)(=O)C)C)nc(c2ccc(F)cc2)c1C=CC(CC(CC(O)=O)O)O)C,1
CCCN(C1Cc(c2CC1)cccc2O)CCc3sccc3,1
O=C(c1nnn(Cc2c(F)cccc2F)c1)O,1
OCc1cc(C(NCCCCCCOCCCCc2ccccc2)O)ccc1O,1
O=C(NC1c2c(cccc2)C(c3cc(Cl)c(Cl)cc3)CC1)O,1
CN(C1c2c(cccc2)C(c3cc(Cl)c(Cl)cc3)CC1)O,1
O=C1C(O)CC(c2cc(Cl)c(Cl)cc2)c3c1cccc3,1
NC(Cc1cc(F)c(F)cc1F)CC(N2Cc3n(c(C(F)(F)F)nn3)CC2)=O,1
CC(C(=Cc1ccc(S(=O)C)cc1)c(c23)ccc(F)c2)=C3CC(O)=O,1
CS(c1ccc(C(C2C(CO)=C(CC(O)=O)c(c23)cc(F)cc3)O)cc1)=O,1
CC(C(=Cc1ccc(S(=O)(=O)C)cc1)c(c23)ccc(F)c2)=C3CC(O)=O,1
CNS(Cc1cc(c2cc1)c(CC(O)=O)c[nH]2)(=O)=O,1
CCC(=C(c1ccc(OCCNC)cc1)c2ccc(O)cc2)c3ccccc3,1
COc1ccc(CC(NCCOc2ccccc2O)C)cc1S(=O)(=O)N,1
CCOc1cc(O)ccc1OCCNC(Cc2ccc(OC)c(S(=O)(=O)N)c2)C,1
CCOc1c(OCCNC(Cc2cc(S(=O)(=O)N)c(OC)cc2)C)cc(O)cc1,1
CCCc1n(Cc2ccc(c3c(C(O)=O)cccc3)cc2)c4c(c(C)cc(c5n(C)c(c6n5)cccc6)c4)n1,1
CCS(CCn1c(CO)ncc1[N+]([O-])=O)(=O)=O,1
CCCC1(OC(=O)C(C(c2cc(NS(c3ncc(C(F)(F)F)cc3)(=O)=O)ccc2)CC)=C(O)C1)CCc4ccccc4,1
Cc1ccc(C(c2cc([N+]([O-])=O)c(O)c(O)c2)=O)cc1,1
CC1(OC(C2O1)C(O)C(CCOS(=O)(=O)N)(O)OC2)C,1
CC1(OC(C2O1)C(C3(CCOS(=O)(=O)N)OC2)OC(C)(C)O3)C,1
O=C(c1nc(c2cc1)ccc(C(F)(F)F)c2)O,1
CC(N1CCC(c2ccc(O)cc2)(O)CC1)C(c3ccc(O)cc3)O,1
Oc1cc(Cl)ccc1Oc2c(Cl)cc(Cl)cc2,1
CCC(N(C)C)(c1ccccc1)CO,1
CCC(c1ccccc1)(NC)CO,1
CCC(c1ccccc1)(CO)N,1
c1cc2c(N3CC(C24)CCC4)c(CNCC3)c1,1
Cc1onc(c2ccccc2)c1c3ccc(S(NO)(=O)=O)cc3,1
c1cnc(c2n1)cc3c(C(CC34)CNC4)c2,1
CNCC(C1(CCCCC1)O)c2ccc(O)cc2,1
OCCOCCCCCCNCC(c1ccc(O)c(CO)c1)O,1
N#CC1N(C(CNC2(CC3C4)CC(CC4C2)(O)C3)=O)CCC1,1
CC1OC(=O)c2c(cc(O)cc2)C=CCCCC(=O)CCC1,1
CC1OC(=O)c2c(cc(O)cc2O)C=CCCCC(O)CCC1,1
CC(C(N1C(C(O)=O)CC(Sc2ccccc2)C1)=O)CS,1
CC(C(N1C(C(O)=O)CC(Sc2ccccc2)C1)=O)CSSCC(C(O)=O)N,1
Oc1c(NC(=O)c2ccc(N3CC[N+]([O-])(C)CCC3)cc2)c(NC(=O)c4cc(C)c(OC)cc4)ccc1,1
CC1(OC(c2c(cccc2)C(O)C3O)=C3CC1)C,1
Oc1cccc(cccc2)c12,1
Oc1ccc(C(CC(=O)O2)C)c2c1,1
COc1c(O)c2c(OC(c3ccc(O)c(OC)c3)CC2=O)cc1O,1
Oc1c(cc(\C=C\c2cc(O)c(C)c(O)c2)cc1)O,1
O=C(CCc1ccc(O)c(OC)c1)C[C@H](CCCCC)O,1
CCCCCCCCC[C@@H](CC(=O)CCc1ccc(O)c(OC)c1)O,1
O=C(CCc1ccccc1)\C=C\CCc2ccc(O)c(OC)c2,1
OC(C=C1)=C(O2)C(C1C3)[C@](CCN4C)(C(C34)C=C[C@@H]5O)C25,1
O=C1C(c2ccc(O)cc2)COc(c13)cc(O)cc3O,1
Oc1ccc(C2COc(c3C2=O)cc(OC)cc3O)cc1,1
CCCCCc1cc(O)c(c2c(ccc(C)c2)C(C)(C)O3)c3c1,1
O[C@@H]1[C@@H](O)[C@H](O)[C@@H](CO)O[C@H]1Oc2cc3c(C(=O)C=C(c4ccc(OC)cc4)O3)c(O)c2,1
COc1ccc(C(Oc(cc(O)cc2O)c2C3=O)=C3)cc1,1
COc1c(O)cc(C2Oc(c3C(=O)C2)cc(O)cc3O)cc1,1
Oc1c(C(=O)c2cc(c(OCc3ccc(c(O)no4)c4c3)cc2)CCC(=O)O)ccc(OC5CCCC5)c1,1
CC(=O)CC(c1ccccc1)C(C(=O)Oc(c(O)ccc2)c23)=C3O,1
OC(=O)[C@H](Cc1cc(I)c(Oc2cc(I)c(O)c(I)c2)c(I)c1)N,1
NC(=NCCCCOC(=O)c1cc(OC)c(O)c(OC)c1)N,1
CCN(CC)C(=O)\C(=C\c1cc(O)c(O)c([N+](=O)[O-])c1)\C#N,1
O=C(Nc1cccc(O)c1NC(=O)c2ccc(N3CCN(C)CCC3)cc2)c4ccc(OC)cc4,1
O=C(CCc1ccccc1)C[C@@H](CCc2ccc(O)c(OC)c2)OCC,1
COc1cc(CCC(=O)C[C@H](CCCCCCC)O)ccc1O,1
COc1cc(CNC(=O)CCCC\C=C\C(C)C)ccc1O,1
CC(=O)c1c(NC2CCC(CN(C)C)CC2)c3c(C=CC(=C4C=C(Cl)C(O)C(Cl)=C4)N3)nc1,1
Oc1ccc(CC)cc1,1
O=C1C(O)=C(c2ccccc2)Oc(c13)cccc3,1
Oc1cc(CCC2C3CC[C@](C)(C24)C(O)CC4)c3cc1,1
Oc1c(OC)cc(C=C)cc1,1
Fc1ccc(c2c(\C=C\C(CC(CC(=O)O)O)O)c(C(C)C)nc(N(C)S(=O)(C)=O)n2)cc1,1
Cc1ccc(c2c(c3nc(C4CC4)c2\C=C\C(CC(CC(=O)O)O)O)cccc3)cc1,1
O=C(c1c2c(nc(OCC)n2Cc3ccc(c4c(c5[nH]nnn5)cccc4)cc3)ccc1)O,1
CC(Oc1ccc(C2CC2(Cl)Cl)cc1)(C(=O)O)C,1
Oc1cc(CCN)ccc1O,1
O=C(c1ccc(OCC(=O)O)c(Cl)c1Cl)C(=C)CC,1
Fc1ccc(C(O)CCC2C(c3ccc(O)cc3)C(c4ccc(F)cc4)C2=O)cc1,1
Oc1c(Cl)c(CCNCC2c3ccc(O)cc3)c2cc1O,1
Oc1c(O)cc(CC(C)(C(=O)O)N)cc1,1
CN1CC[C@@](C2O3)(c(c3c(O)cc4)c4C5)C(C=CC2O)C15,1
O=C1C(C(=O)N(c2ccccc2)N1c3ccccc3)CCCC,1
Oc1cc(c2c3c(N(c4ccncc4)CC3)nc(N5CCOCC5)n2)ccc1,1
Oc1cc(C(=O)c(c(NCCCN(C)C)cc2)c(c2nn3)n34)c4cc1,1
Oc1cc(C(=O)c(c(NCCN(CC)CC)cc2)c(c2nc3)n34)c4cc1,1
Oc1cc(CC(NCC)C)ccc1O,1
Oc1ccc(CC(NCC)C)cc1OC,1
Oc1cc2c(C3C(C4C([C@@H](O)CC4)(C)CC3)CC2)cc1,1
Oc1ccc(C2)c(C(CCN3C)(C(C23)CCC4O)C4O5)c15,1
Oc1cc2c(C3C(C4C([C@](O)(C#C)CC4)(C)CC3)CC2)cc1,1
C[C@]12CC[C@](C34)(CC1[C@](C(C)(C)C)(C)O)C(c(c5c(O)cc6)c6C3)(CCN4CC7CC7)C2O5,1
Oc1cc(c(CC)c2c(C(=C3)N(C(=O)C(COC(=O)[C@@]4(CC)O)=C34)C2)n5)c5cc1,1
COc1cc(c(C23)c(c(c4C2)cccc4)c1OC)C=CN3C,1
COc1cc(N=C(c2cc(C)c(OCCO)c(C)c2)NC3=O)c3c(OC)c1,1
O=C1[C@](C)([C@@]2([H])CC1)CC[C@@]([H])([C@]23[H])[C@](C)([C@@]4([H])CC3)CC[C@H](O)C4,1
CC\C(=C(\c1ccc(OCCN(C)C)cc1)/c2ccccc2)\c3ccccc3,1
Clc1cc(NC(=O)Nc2ccc(Cl)cc2)ccc1Cl,1
Clc1cc(NC(=O)Nc2c(O)cc(Cl)cc2)ccc1Cl,1
Clc1cc(NC(=O)Nc2cc(O)c(Cl)cc2)ccc1Cl,1
Oc1cc(C2Oc(c3C(=O)C2O)cc(O)cc3O)ccc1O,1
Oc1cc(C(=O)OCCCCCCCC)cc(O)c1O,1
Oc1c(OC)cc(C=O)cc1,1
Oc1ccc(c2ccccc2)cc1,1
O[C@@H]1CC2([H])[C@](C([H])(CC[C@@]3(C)C4CC5([H])C3(C(C)[C@]6(OC[C@H](C)CC6)C5)[H])[C@@]4([H])CC2)(C)CC1,1
[H]C(CC[C@]1([H])C2(CC[C@@]3(C)C1(CCC3([H])[C@@H](O)C)[H])[H])(C[C@@H](O)CC4)[C@@]24C,1
O[C@H]1CC[C@](C2([H])[C@@](C3([H])[C@](C4([H])C(O[C@]5(CC[C@@H](C)CO5)C4C)([H])C3)(C)CC2)([H])C6)(C(=C6)C1)C,1
[H][C@]1(C2([H])[C@]([C@@H](O)CC2)(C)CC3)C3([H])[C@](C)(C4([H])CC1)CCC(O)C4,1
Clc1cc(c2cc1)C(N3CCN(C)CC3)=Nc(c4O2)cccc4,1
Nc1c(c2ccccc2)cccc1,1
Clc1cc(N=C(N2CCNCC2)c(c3N4)cccc3)c4cc1,1
O=C1Cc(c2C(=C3CCN(C)CC3)c4c1scc4)cccc2,1
c1(ccccc1)Nc2ccccc2,1
Nc1cc(NCc2ccc(F)cc2)ccc1NC(=O)OCC,1
Oc1ccc(C(C(=O)c(c2O3)ccc(O)c2)=C3)cc1,1
Nc1ccc(c2ccc(N)cc2)cc1,1
OC1[C@](C(C)(C)[C@H]2C1)(C)CC2,1
Oc1cc(OC(c2ccc(O)cc2)CC3=O)c3c(O)c1,1
CC(c1ccc(C(C)C(=O)O)cc1)(C)C,1
O=C(c1sc(C(C)C(=O)O)cc1)c2ccccc2,1
C=CC(\C(=C\c1[nH]c(Cc2[nH]c(\C=C(\C(C)=C(C=C)C3=O)/N3)c(C)c2CCC(=O)O)c(CCC(=O)O)c1C)\NC4=O)=C4C,1
[H][C@]1([C@@]2([H])[C@](C(O)(C#C)CC2)(C)CC3)[C@@]3([H])c(c4CC1)ccc(O)c4,1
CCc1c2c(C3N(C(=O)C(C4C3)COC(=O)[C@]4(O)CC)C2)nc5c1cc(O)cc5,1
Ic1c(Cc2cc(I)c(O)c(I)c2)ccc(C[C@@H](C(=O)O)N)c1,1
Nc1c(CNC2CCC(O)CC2)cc(Br)cc1Br,1
CC(c1n(CCC(CC(CC(O)=O)O)O)c(c2ccc(F)cc2)c(c3ccccc3)c1C(Nc4ccccc4)=O)C,1
CC1C(C(CO)=O)(O)C(C)(C2C1)CC(O)C(F)(C23)C(C)(C(=C4)CC3)C=CC4=O,1
CC(C1C(C)(C2CC1)CCC(C23)C(C)(C4CC3)CCC(O)C4)CCC(O)=O,1
CC(C1C(C)(C2CC1)CCC(C23)C(C)(C4CC3O)CCC(O)C4)CCC(O)=O,1
O=[N+](c1ccc(O)cc1)[O-],1
Oc1ccccc1,1
O=C(c1c(O)cccc1)O,1
COc1c2c(C(C3O2)(C(C45)C=CC3O)CCN4C)c(C5)cc1,1
COc1c2c(C3(C4O2)C=CC(O)C4)c(CN(C)CC3)cc1,1
CC(N1CCC(c2ccccc2)(O)CC1)C(c3ccc(O)cc3)O,1
O=C(c1c(c2sc1c3ccc(O)cc3)ccc(O)c2)c4ccc(OCCN5CCCCC5)cc4,1
CCCCc1n(Cc2ccc(c3c(c4[nH]nnn4)cccc3)cc2)c(CO)c(Cl)n1,1
Cc1c(c2ccc(S(=O)(=O)N)cc2)c(c3ccccc3)no1,1
O=C(Cc1c(Nc2c(Cl)cccc2Cl)ccc(O)c1)O,1
COC1(C(C(C(C)(C)C)(O)C)C2)CCC2(C3(C14)c(c5C6)c(O4)c(O)cc5)C6N(CC7CC7)CC3,1
CCOc1c(C(O)=O)ccc(CC(NC(c2c(N3CCCCC3)cccc2)CC(C)C)=O)c1,1
CCC(C(OC1C(C2=CC(C)C1)C(CCC(CC(CC(O)=O)O)O)C(C)C=C2)=O)(C)C,1
CCCCCc1cc2c(C(C3C(C)(C)O2)C=C(C)CC3)c(O)c1,1
O=C(c1ccc(F)cc1)CCCN2CCC(c3ccc(Cl)cc3)(O)CC2,1
COc1ccc(C(C2(CCCCC2)O)CN(C)C)cc1,1
CN1C(c2cnccc2)CCC1=O,1
Nc1ccc(c2ccccc2)cc1,1
NC(N1c(c2C=Cc(c13)cccc3)cccc2)=O,1
COc1c(OCCNCC(COc2c(c3ccc2)c(c4[nH]3)cccc4)O)cccc1,1
CN1CCN(C(c(c2Nc(c34)ccc(Cl)c3)cccc2)=N4)CC1,1
COc1c(O)ccc(C=CC(CC(C=Cc2cc(OC)c(O)cc2)=O)=O)c1,1
CN(CCC=C1c(c2C=Cc(c13)cccc3)cccc2)C,1
C#CC1(C(C)(C2CC1)CCC(C23)c(c4CC3)ccc(O)c4)O,1
COc1c(O)c(OC)cc(C2C(C3C(OC4C(O)C(O)C(C5O4)OC(C)OC5)c(c26)cc7c(OCO7)c6)C(=O)OC3)c1,1
C=CCc1cc(OC)c(O)cc1,1
COc1c(OC)cc(C(Oc(c2C3=O)cc(O)c(OC)c2O)=C3)cc1,1
CCN(CCNC(c1c(OC)cc(N)c(Cl)c1)=O)CC,1
CN1CC(N2CC1)c(c3Cc(c24)cccn4)cccc3,1
COc1cc(c2cc1)ccc(C(C(O)=O)C)c2,1
O=C1Nc(c2C(c3ccccc3)=NC1)ccc(Cl)c2,1
Cc1sc2c(C(N3CCN(C)CC3)=Nc(c4N2)cccc4)c1,1
CCN1c(c2C(=O)C(C(O)=O)=C1)cc(N3CCN(C)CC3)c(F)c2,1
CCCNCC(COc1c(C(CCc2ccccc2)=O)cccc1)O,1
CC(NCC(COc1c(c2ccc1)cccc2)O)C,1
NCCc1c(c2[nH]c1)cc(O)cc2,1
O=C1OC(C(F)(F)F)(C#CC2CC2)c(c3N1)cc(Cl)cc3O,1
CN(CCC=C1c(c2CCc(c13)cccc3)cccc2)C,1
CN(CCCN1c(c2Sc(c13)cccc3)cc(Cl)cc2)C,1
O=C(Cc1c(Nc2c(Cl)cccc2Cl)cccc1)O,1
O=C1OC(C(F)(F)F)(C#CC2CC2)c(c3N1)cc(Cl)cc3,1
CC1(C(O)CC2)C2C(C3CC1)CCc(c34)cc(O)cc4,1
CN(CCCN1c(c2CCc(c13)cccc3)cccc2)C,1
CN1CC(N2CC1)c(c3Cc(c24)cccc4)cccc3,1
Cc1n2c(CN=C(c3c(F)cccc3)c(c24)cc(Cl)cc4)cn1,1
CC(c1c(CCC(c2cc(C=Cc3nc(c4cc3)cc(Cl)cc4)ccc2)SCC5(CC5)CC(O)=O)cccc1)(O)C,1
CN1C(c2cnccc2)CCC1,1
CC1(C2C(C(C3(C)CC2)CCC3O)CC4)C4=CC(=O)CC1,1
CCCC(C(O)=O)CCC,1
COc1c(OCCN(C(O)=O)CC(COc2c3c([nH]c(c34)cccc4)ccc2)O)cccc1,1
O=C(COCCN1CCN(C(c2ccc(Cl)cc2)c3ccc(O)cc3)CC1)O,1
O=C(C(c1ccc(Cl)cc1)O)O,1
Nc1c(O)cc(CCNCC(c2ccccc2)O)cc1,1
CCCc1n(Cc2ccc(c3c(c4[nH]nnn4)cccc3)cc2)c(C(O)=O)c(C(O)(C)C)n1,1
CC(NCC(COc1c2c([nH]cc2)cc(O)c1)O)C,1
CCC(Nc1nc(c2c(NCc3ccc(O)cc3)n1)n(C(C)C)cn2)CO,1
CN(CC(C1(CCCCC1)O)c2ccc(O)cc2)C,1
COc1c(O)cc(C(Oc(c2C3=O)cc(O)c(OC)c2O)=C3)cc1,1
COc1cc2c(n(C(C3CCC(Cl)CC3)=O)c(C)c2CC(O)=O)cc1,1
COC1(C(C(CCc2sccc2)(O)C)C3)CCC3(C4(C15)c(c6C7)c(O5)c(O)cc6)C7N(CC8CC8)CC4,1
CC(NCC(c1cc(C(=O)N)c(O)cc1)O)CCc2ccccc2,1
COc1c(O)c(OC)cc(C(OCCCCNC(N)=N)=O)c1,1
CC1(C(C(O)=O)=CC(O)C2)C2C(CCc3ccoc3)(C)C(CO)CC1,1
CC(C(C(=O)Oc(c12)cc(O)cc1CO)=C2)=O,1
COc1ccc(C(Oc(c2C3=O)c(CC=C(C)C)c(O)cc2O)=C3O)cc1,1
CN1CC(c2c3c(CCO3)ccc2)c(c4CC1)cc(O)c(Cl)c4,1
CN1CC(c2c3c(CCO3)cc(Br)c2)c(c4CC1)cc(O)c(Cl)c4,1
C=CC(c1c(O)cc(OC)c(C=CC(c2ccc(O)cc2)=O)c1)(C)C,1
CCC1(c2c(c(c3[nH]2)cccc3C(O)C)CCO1)CC(O)=O,1
CCc1c(O)ccc(c12)c3c(C(CC(O)=O)(CC)OCC3)[nH]2,1
CCc1cc(O)cc(c12)c3c(C(CC(O)=O)(CC)OCC3)[nH]2,1
O=S(c1ccc(O)cc1)(c2ccc(O)cc2)=O,1
Oc1ccc(Cc2ccc(O)cc2)cc1,1
CC(c1ccc(O)cc1)(c2ccc(O)cc2)C,1
Nc1nc(c2ccccc2)c(Br)c(O)n1,1
CCN(C(C(=Cc1cc([N+]([O-])=O)c(O)c(O)c1)C#N)=O)CC,1
Cc1ccc(C(c2cc(O)c(O)c(N)c2)=O)cc1,1
Cc1c(Nc2c(C(O)=O)cccc2)cccc1Cl,1
COc1cc(C(C)(C)C)c(O)cc1,1
CC(c1c(O)c(C(C)(C)C)ccc1)(C)C,1
CC(c1c(O)c(C(C)(C)C)cc(C(O)=O)c1)(C)C,1
CCOc1cc(c2cc1)OC=C(c3ccc(O)cc3)C2=O,1
Oc1c(c2ccc1)nccc2,1
O=C(c1c(O)cccc1)Nc2ccc(O)cc2,1
O=C1c(c2c(c3O1)ccc(O)c3)cc(O)cc2,1
O=C1c(c2c(c3O1)ccc(O)c3)cccc2,1
CC1(OOC(CO)(C)OOC(C)(C)OO1)C,1
Cc1c2c(c(c3cc2)c(O)c(O)c(c34)c(C)co4)ccc1,1
CC(C(O)=O)(Oc1ccc(Cl)cc1)C,1
NS(c1c(Cl)cc(NCc2occc2)c(C(O)=O)c1)(=O)=O,1
CC(C(=O)NC(=O)N1C2OC(CO)C(N=[N+]=[N-])C2)=C1,1
CN1CCC(=C2c3c(scc3)CCc(c24)cccc4)CC1,1
CN1CCN(CCCN2c(c3Sc(c24)cccc4)cc(C(F)(F)F)cc3)CC1,1
Cc1c(C2N=C(N)OC2)cccc1F,1
Cc1c(C)c(C(c2nc[nH]c2)C)ccc1,1
CN1CCN(C(c2ccccc2)c3ccccc3)CC1,1
CN1CCN(C(c2ccc(Cl)cc2)c3ccccc3)CC1,1
CN(CCC=C1c(c2SCc(c13)cccc3)cccc2)C,1
CN1CCC(=C2c(c3CCc(c24)cccc4)nccc3)CC1,1
Cc1c(N2C(CF)=Nc(c3C2=O)ccc(N)c3)cccc1,1
CC(Nc1ccc(c2ccc(N)cc2)cc1)=O,1
Cn1c(NO)nc(c12)ncc(c3ccccc3)c2,1
CC(Nc1c(N)cc(NCc2ccc(F)cc2)cc1)=O,1
CCOc1ccc(NC(=O)N)cc1,1
N#Cc1nccc(c2nc(c3ccncc3)[nH]n2)c1,1
COc1c(OC)cc2c(Cc3c2[nH]nc3Nc4cc(F)ccc4)c1,1
c1cc(COc2ccc(OCc3nc(c4cc3)cccc4)cc2)c(Cc5[nH]nnn5)cc1,1
CC(N(C)C=CC1=O)=C1O,1
OCCc1c(c2[nH]c1)cc(O)cc2,1
O=C1C(O)=C(c2cc(O)c(O)cc2)Oc(c13)cccc3,1
O=C1C(O)=C(c2ccc(O)cc2)Oc(c13)ccc(O)c3,1
CCC1C(C2(C)C(C3C1O)CCC(C)(C34)C(C(CCC(O)=O)C)CC4)CC(O)CC2,1
CCCCC(N(Cc1ccc(c2c(c3[nH]nnn3)cccc2)cc1)C(=O)C(CC(N(C)C)=S)=C4C)=N4,1
Cc1c(c2cc(COc3cc4c(C(C(O)=O)CO4)cc3)ccc2)c(CO)cc(OCCCS(=O)(=O)C)c1,1
OCc1n(c2cn1)c(c3C(c4c(F)cccc4)=NC2)ccc(Cl)c3,1
CC(C1C(C)(C2CC1)CCC(C23)C(C)(C(=C4)C(O)C3)CCC4=O)=O,1
O=C(Cc1c(c2n(c13)CC(NCS(c4ccc(F)cc4)(=O)=O)CC3)cccc2)O,1
CC1N(C2OC1)C(=O)C(N3C2)=C(O)C(=O)C(C(NCc4c(F)cc(F)cc4)=O)=C3,1
COc1c2c(OCC(c3c(O)c(CC=C(C)C)c(O)cc3)C2)cc(O)c1CC=C(C)C,1
O=C(c1cc(c2nc(c3c(F)cccc3)on2)ccc1)O,1
OCC1C(O)C(O)C(O)C(Oc2cc(C=Cc3ccc(O)cc3)cc(O)c2)O1,1
CCC(CC1C2C(CC(O)=O)(CN)C1)=C2,1
CC1(C2C(C(C3(C)CC2)CC=C3c4cnccc4)C5)C(=C5)CC(O)CC1,1
O=C1c(c2OC(c3cc(O)c(O)cc3)=C1)c(O)cc(O)c2,1
OCCN1CCN(CCCN2c(c3Sc(c24)cc(O)cc4)cc(C(F)(F)F)cc3)CC1,1
CCOc1c(F)cc(Cc2c(Cl)ccc(C3(C(O)C(O)C4O)OC4(CO)CO3)c2)cc1,1
CN1C2c(c3CC1)c(c(c4C2)c(O)c(O)cc4)ccc3,1
Cc1cc(CC(O)=O)c(Nc2c(Cl)cc(O)cc2F)cc1,1
O=C(NO)CCCCCCC(Nc1ccccc1)=O,1
CN(CCc1c(c2[nH]c1)c(O)ccc2)C,1
COc1c(CC=C(C)C)c(O)c(C(O)=O)c(C=Cc2ccccc2)c1,1
CNC(c1nccc(Oc2ccc(NC(Nc3cc(C(F)(F)F)c(Cl)cc3)=O)cc2)c1)=O,1
COc1c2c(C(=O)c(c3C2=O)c(O)c4c(C(O)CC(C(=O)C)(O)C4)c3O)ccc1,1
COc1c2c(C(=O)c(c3C2=O)c(O)c4c(C(O)CC(C(CO)O)(O)C4)c3O)ccc1,1
CC(c1cc(c2cc1)nc(c3ccc(Cl)cc3)o2)C(O)=O,1
CCOc1ccc(Cc2c(Cl)ccc(C3C(O)C(O)C(O)C(CO)O3)c2)cc1,1
COc1c(N2CCN(CC(COc3c(c4ccc3)cccc4)O)CC2)cccc1,1
C=C1C(CC2(C3C(C)(C4CC2)CCCC4(C(O)=O)C)C1)(O)CC3,1
CCCC(N1C(O)CCC1)C(c2ccccc2)O,1
CCCC(N1C(O)CCC1)C(c2ccccc2)=O,1
CCCC(N1C(O)CCC1)C(c2ccc(Cl)cc2)O,1
CC(=CCc1c(O)cc2c(C(=O)CC(c3ccc(O)cc3)O2)c1)C,1
O=C(NO)C=Cc1cc(S(Nc2ccccc2)(=O)=O)ccc1,1
CC(c1oc2c(C(=O)c(c3C2O)cccc3)c1)=O,1
CC(COc1ccc(c2n(c3nc2)nc(NC(c4cc(F)ccc4)C)cc3)cc1)O,1
CC1C(N(c2c3c([nH]cc3)ncn2)C)CN(C(CO)=O)CC1,1
CC1(Oc2c(c3c(CC(c4c(O)cc(O)cc4)CO3)cc2)C=C1)C,1
COc1c(O)c(c2cc1O)C(=O)C=C(c3ccccc3)O2,1
COc1ccc(S(Nc2c(Nc3ccc(O)cc3)nccc2)(=O)=O)cc1,1
CC(=CCCC(=CCc1c(O)ccc(C(C(=O)c(c2O3)ccc(O)c2)=C3)c1)C)C,1
Cc1oc(C(NC(C(N(C)C(=O)C(O)=C2C(NCc3ccc(F)cc3)=O)=N2)(C)C)=O)nn1,1
O=C(N1Cc(c(N2CC1)c3C(C4C2)CCC4)ccc3)O,1
CNC(c1nccc(Oc2cc(F)c(NC(Nc3cc(C(F)(F)F)c(Cl)cc3)=O)cc2)c1)=O,1
CC(c1cc(C(C#N)(C)C)cc(CN2N=CN(C3C(O)C(O)C(O)C(C(O)=O)O3)C2)c1)(C#N)C,1
CC(c1cc2c(c(c3[nH]2)cc(Cl)cc3)cc1)C(O)=O,1
CC1OC(=O)c(c2C1)c(O)c(C(O)=O)cc2Cl,1
COc1c(O)ccc(CC2C(Cc3cc(OC)c(OC)cc3)COC2=O)c1,1
COc1c(O)ccc(CC(C(Cc2cc(OC)c(OC)cc2)CO)C(O)=O)c1,1
CC(c1cc(Oc2ccccc2)ccc1)C(O)=O,1
CCN(CCCc1ccc(O)cc1)CCCc2ccccc2,1
NC1C(C12)CN(c3c(F)cc4c(N(c5c(F)cc(F)cc5)C=C(C(O)=O)C4=O)n3)C2,1
Oc1ccc(C=Cc2c3c(OC(c4ccc(O)cc4)C3c5cc(O)cc(O)c5)cc(O)c2)cc1,1
CC(=CCc1c(O)ccc(C=CC(O)=O)c1)C,1
O=C1NCCCCCN(O)C(=O)CCC(=O)NCCCCCN(O)C(=O)CCC(=O)NCCCCCN(O)C(=O)CC1,1
CN(C(C1C(O)CCCC1)c2cc(O)ccc2)C,1
CC(C1C(C)(C2CC1)CCC(C23)C(C)(C4CC3)CCC(O)C4)O,1
CN1C(C)(C)C(=O)N(CC(C(C(N2CCCCC2)=O)CC3CCCC3)C(NO)=O)C1=O,1
Oc1cc(O)c(C(N(c2c(c3ccc2)cccc3)C(=S)N4)=N4)cc1,1
CN(CC1C(c2cc(O)ccc2)(O)CCCC1)C,1
Oc1c(OCC2OCCNC2)cccc1,1
Cc1cc(CC(O)=O)n(C)c1C(c2ccc(Cl)cc2)=O,1
CC1OC(=O)c(c2C=CCCCC(=O)CCC1)c(O)cc(O)c2,1
Nc1scc(CC(Nc2ccc(CCN(CC(c3ccccc3)O)O)cc2)=O)n1,1
CCC(C(CN(C)C)C)c1cc(O)ccc1,1
CC1(Oc2c(c(O)c(C(C(=O)c(c3O4)ccc(O)c3)=C4)cc2)C=C1)C,1
O=C(N1CC(C2C1)c(c3Oc(c24)cccc4)cc(Cl)cc3)O,1
C[N+](CCCN1c(c2Sc(c13)cccc3)cc(Cl)cc2)([O-])C,1
O=C1OC(COc2c(O)cccc2)CNC1,1
Cc1cc(C(CO)(C)C)c(O)c(C(C)(C)C)c1,1
CCCCN1C(=O)c(c(c2ccc3)c3C1=O)ccc2c4ccc(O)cc4,1
O=C1N(c2ncnc(N3CCOCC3)c2)NC=C1n4nncc4,1
C=C1C(CCC(C(=O)OC2)=C2)C(C)(C3CC1)CCC(O)C3(CO)C,1
